GEOID,hous_d,moe_hous_d,cv_hous_d,cat_hous_d
34005700102,192,12.054,0.03816489361702128,High
34005700103,159.7,10.107,0.03847259203712127,High
34005700104,163.7,12.418,0.04611445430795825,High
34005700200,283.6,14.436,0.030943878316563846,High
34005700303,250.9,23.324,0.05651145238842296,High
34005700304,226,8.407,0.022613443795895312,High
34005700305,278.3,8.81,0.0192440643201723,High
34005700306,254.5,10.898,0.02603113560769373,High
34005700307,298.3,9.952,0.02028108623639326,High
34005700401,197.6,11.107,0.034169917428596035,High
34005700402,182.5,7.953,0.02649123537494275,High
34005700403,180.8,10.062,0.03383140113511041,High
34005700405,184.1,6.699,0.022120263039282537,High
34005700407,112.6,9.042,0.04881577739746365,High
34005700408,109.6,19.716,0.10935593370754111,High
34005700501,349.9,21.663,0.03763645887535388,High
34005700502,357.2,52.183,0.08880791839263165,High
34005700503,570.1,68.745,0.07330340914967726,High
34005700504,396.5,43.025,0.06596472937596062,High
34005700505,673.4,31.875,0.028774724823357044,High
34005700602,234.8,18.168,0.047037380322385205,High
34005700603,235.4,15.005,0.03874928014916084,High
34005700605,264.3,8.428,0.01938480611168804,High
34005700701,171.9,12.285,0.04344435780327503,High
34005700702,164.6,8.87,0.03275879261505279,High
34005700703,160.8,12.296,0.04648490072434181,High
34005700800,230.9,10.032,0.02641178104443956,High
34005700900,146.6,12.853,0.053297229605609626,High
34005701001,119.8,41.445,0.21030491548731167,Medium
34005701002,197.9,14.233,0.043720463038192825,High
34005701102,269,9.1,0.020564739381475915,High
34005701103,297.8,18.159,0.03706818594719942,High
34005701104,237,13.382,0.034324702140484525,High
34005701105,244.6,23.288,0.057877509835548145,High
34005701201,166.8,7.369,0.026856326488960806,High
34005701203,150.2,18.753,0.07589880159786952,High
34005701204,134.4,20.918,0.09461390939354465,High
34005701205,154.8,13.333,0.052358961067521186,High
34005701301,172.6,18.571,0.06540765760213013,High
34005701302,162.2,8.132,0.03047758967689707,High
34005701303,289.2,13.799,0.029005704868687122,High
34005701401,354.1,20.394,0.035011489378869665,High
34005701402,195.3,12.173,0.03789042498719918,High
34005701502,251.8,21.89,0.052847461800869605,High
34005701700,218.7,15.803,0.04392632341148234,High
34005702101,NA,NA,NA,NA
34005702203,168.2,9.947,0.0359501100513573,High
34005702204,185.1,26.561,0.08723125099551873,High
34005702206,159.5,20.986,0.07998399252984725,High
34005702207,90.4,17.564,0.11811065981655323,High
34005702208,189.7,7.699,0.024671814238767662,High
34005702209,171.6,12.697,0.044979842852183274,High
34005702210,160.4,8.036,0.03045577545497957,High
34005702300,239.2,16.823,0.04275396204165862,High
34005702400,363.4,15.297,0.025589125332682053,High
34005702500,265.1,11.024,0.025279214473175802,High
34005702601,206.9,14.236,0.04182746903559713,High
34005702603,142.1,10.749,0.04598414148176827,High
34005702700,237.9,9.804,0.02505203202796506,High
34005702801,173.2,10.032,0.0352106249605144,High
34005702802,163.9,5.769,0.02139713777583262,High
34005702803,161.3,3.656,0.013778626169967794,High
34005702804,161.3,6.692,0.025220614422709103,High
34005702805,164.6,13.535,0.04998762773897853,High
34005702806,141.4,8.081,0.034741598345679116,High
34005702807,148.8,9.638,0.039374775304768433,High
34005702808,144.9,11.486,0.04818751429032914,High
34005702809,111.7,12.408,0.06752781685637549,High
34005702810,239,16.826,0.04279736999402272,High
34005702811,194.9,5.055,0.015766794911582744,High
34005702905,310.5,14.596,0.028576323118413773,High
34005702906,263.2,14.083,0.03252695374211251,High
34005702907,276.1,18.061,0.03976577800431322,High
34005702908,286.4,24.622,0.05226180570885195,High
34005702909,272.9,21.658,0.04824462237745882,High
34005702910,457.1,34.127,0.045385903864657524,High
34005702913,153.8,12.433,0.049142098252576066,High
34005702914,307.6,17.023,0.03364215951715606,High
34005702915,225.6,12.282,0.03309513031106512,High
34005702917,270.9,15.968,0.03583237682339965,High
34005702918,202.9,9.697,0.02905289712542001,High
34005703000,278.8,22.538,0.049142438501088036,High
34005703102,506.4,32.057,0.038482499987995605,High
34005703103,219.1,29.68,0.08234848558415957,High
34005703104,278.8,30.247,0.06595134161604445,High
34005703201,251.8,25.364,0.061234491599691944,High
34005703202,355.2,21.765,0.03724944549412635,High
34005703203,159.5,8.227,0.03135558498727978,High
34005703600,280.2,13.877,0.030106589084219048,High
34005703700,299,19.804,0.04026389891329762,High
34005703801,373.6,13.659,0.022225223407509615,High
34005703802,322.4,21.583,0.04069592041452028,High
34005703803,313.5,13.369,0.02592360979818986,High
34005703804,382,21.255,0.03382453571826413,High
34005703900,291.4,8.395,0.017513189653553852,High
34005704004,244,12.891,0.03211669739399073,High
34005704005,261,9.074,0.021134518860124143,High
34005704006,215.7,66.21,0.1865982388575825,Medium
34005704007,243.4,10.248,0.02559485305687162,High
34005704008,326.9,9.699,0.01803624543352354,High
34005704009,239.2,11.506,0.02924134145225727,High
34005704011,391.7,36.028,0.055914015207656126,High
34005704012,222.8,16.415,0.044787807020894604,High
34005704013,288.3,9.492,0.02001461243828459,High
34005704014,340.6,10.531,0.0187957243341359,High
34005704200,291.6,26.209,0.054638281194624765,High
34005704302,428,23.763,0.033751384825156945,High
34005704500,251.6,75.693,0.182885460106987,Medium
34005704600,174.6,14.659,0.05103806529557792,High
34005704700,244,11.364,0.02831232248741841,High
34005704801,233,12.457,0.032500619643346336,High
34005704802,NA,NA,NA,NA
34005981802,NA,NA,NA,NA
34005982111,NA,NA,NA,NA
34007600200,61.6,6.151,0.06070145659811313,High
34007600400,58.9,11.593,0.11965053333402138,High
34007600700,88.8,22.968,0.1572332210630083,Medium
34007600800,84.5,7.966,0.057308321792773516,High
34007600900,88.6,8.338,0.057208724707884205,High
34007601000,106.4,10.137,0.057916447654089626,High
34007601101,88.3,9.575,0.06591923774642262,High
34007601102,97.5,9.621,0.05998597147533318,High
34007601200,85.1,5.981,0.04272463291889749,High
34007601300,91.4,6.261,0.041642002487479464,High
34007601400,83.6,6.432,0.046770698506420794,High
34007601500,73.6,10.265,0.08478426060525969,High
34007601600,61.5,15.108,0.14933649640447774,Medium
34007601700,73.5,68.063,0.5629344747017347,Low
34007601800,63.5,12.274,0.11750233348491013,High
34007601900,75.4,4.03,0.0324913531076407,High
34007602000,69.6,6.314,0.05514795793592566,High
34007602503,140.2,5.945,0.025777330691283407,High
34007602601,167.5,4.262,0.015467949008755612,High
34007602602,164.7,12.944,0.04777591383799965,High
34007602901,180.2,9.133,0.030810075937239608,High
34007602902,173.4,12.874,0.045133447621852243,High
34007603001,166.1,10.294,0.03767459819312715,High
34007603002,142.5,13.786,0.05881085692955794,High
34007603100,213.9,13.155,0.03738644453633561,High
34007603200,199.7,15.727,0.04787424297540536,High
34007603301,238.2,18.938,0.04833107475264075,High
34007603302,246.9,15.038,0.037025683829023964,High
34007603303,234.6,18.843,0.04882656115175025,High
34007603400,225.2,10.144,0.027382617005080254,High
34007603501,334.3,22.959,0.0417494433316634,High
34007603503,362.1,10.03,0.01683862037473065,High
34007603504,272.2,9.325,0.020825470275968188,High
34007603505,229,9.964,0.0264504054897068,High
34007603506,298.2,13.58,0.027683833497438533,High
34007603507,347.8,25.358,0.04432201716040557,High
34007603601,215,8.944,0.0252887537993921,High
34007603602,351.1,6.607,0.01143951402409622,High
34007603603,287.9,8.638,0.018239193573418667,High
34007603700,217.6,8.307,0.023207022170570357,High
34007603800,275.2,8.028,0.01773344171909239,High
34007603901,280.2,19.272,0.04181121170505653,High
34007603902,199.9,19.898,0.06051049841029937,High
34007604100,99.9,9.221,0.056110822068268874,High
34007604200,249.8,24.266,0.059052713295256264,High
34007604300,244.9,23.862,0.05923142129843952,High
34007604400,279,10.303,0.022448823958775916,High
34007604600,185.5,7.602,0.024912542295119574,High
34007604700,182.1,8.756,0.029230073325555116,High
34007605100,147.1,8.41,0.03475501023847062,High
34007605200,153.2,14.666,0.05819517963287754,High
34007605300,137.8,6.009,0.02650861783740146,High
34007605400,156.1,10.634,0.04141215688641643,High
34007605602,219.3,7.84,0.021732592096710034,High
34007605700,206.3,12.432,0.036633285547797566,High
34007605800,249.9,13.165,0.03202496804192801,High
34007605900,291.3,17.831,0.03721082621974442,High
34007606000,336.9,18.868,0.03404544023327298,High
34007606100,518.4,40.493,0.04748419265263237,High
34007606200,405.1,27.062,0.04060988355908969,High
34007606300,465.7,52.629,0.06869940534659397,High
34007606400,686.1,50.81,0.04501900305191805,High
34007606500,161.5,6.23,0.023450365588564656,High
34007606600,233,10.49,0.027368668223384688,High
34007606700,188.8,10.326,0.03324790067487507,High
34007606800,183.5,8.966,0.029702757095649433,High
34007607000,148.4,9.378,0.03841584807347266,High
34007607100,165.8,7.59,0.02782859929383554,High
34007607200,170.4,9.758,0.03481170712216561,High
34007607300,154.6,5.487,0.02157543538182662,High
34007607401,167.7,10.473,0.0379640152030058,High
34007607402,164,5.508,0.020416635777300022,High
34007607502,310.6,23.555,0.04610157416667808,High
34007607503,321.2,33.266,0.06295919178460711,High
34007607504,383.9,16.477,0.026091204412243246,High
34007607505,347.8,12.357,0.021598200412143373,High
34007607506,140.3,17.769,0.07699090312335484,High
34007607507,204.5,16.605,0.049360513075854075,High
34007607600,199.3,10.996,0.03353988198817442,High
34007607701,118.7,26.716,0.13682164686843026,Medium
34007607702,132.1,6.821,0.03138913368107885,High
34007607801,114.2,9.437,0.05023448437391873,High
34007607802,122.1,7.973,0.03969540139752906,High
34007607900,175.5,10.423,0.0361035339758744,High
34007608001,159.8,10.955,0.04167443346736612,High
34007608202,193.4,10.254,0.03223078929915164,High
34007608205,228.9,5.843,0.015517587085585748,High
34007608206,188.4,10.768,0.03474467439774392,High
34007608209,226.5,16.965,0.04553231747821011,High
34007608210,215.9,7.551,0.021261109570314976,High
34007608211,163.4,10.573,0.03933510173256,High
34007608302,171.7,10.556,0.03737344948512373,High
34007608303,196.8,11.575,0.035754441890923465,High
34007608304,183.9,14.854,0.04910161628081867,High
34007608401,185.1,5.817,0.01910410703817373,High
34007608402,250.8,16.81,0.0407449959521628,High
34007608403,231,13.104,0.03448466427189831,High
34007608404,208.7,20.833,0.06068249971236035,High
34007608503,124.5,19.37,0.09457892359712407,High
34007608504,132.7,10.76,0.049291887224193344,High
34007608600,128.6,14.641,0.06920920646475724,High
34007608700,232.3,7.128,0.018653167021472863,High
34007608800,177.9,10.905,0.03726351507198983,High
34007608901,180.7,18.051,0.06072635461890016,High
34007608903,213.8,8.291,0.023574001779921014,High
34007608904,213.8,25.716,0.07311892772553959,High
34007609000,160.3,8.616,0.032674298001277996,High
34007609103,179.5,10.69,0.03620323255242949,High
34007609201,165.1,11.923,0.04390081354396985,High
34007609202,155.2,9.288,0.03638015855607433,High
34007609203,222.7,8.902,0.02429973126167797,High
34007609204,114.3,17.834,0.09484984589692247,High
34007609205,218.1,18.791,0.05237551721206496,High
34007610300,131.6,36.829,0.17012499884516957,Medium
34007610400,91.7,11.875,0.07872240986698398,High
34007610500,153.5,7.698,0.03048622318148966,High
34007610600,NA,NA,NA,NA
34007610800,120.3,7.668,0.03874811451614126,High
34007610900,190.4,10.799,0.0344786850910577,High
34007611000,89.9,15.178,0.10263345628881804,High
34007611100,164.1,6.759,0.02503848013202714,High
34007611200,188.1,6.182,0.019979025578129722,High
34007611300,175.4,8.098,0.02806611375475249,High
34007611400,143.5,6.787,0.02875146945129894,High
34007611500,195.2,11.838,0.03686656036673476,High
34007611600,229,23.171,0.06150966936993138,High
34007611700,168.5,4.741,0.017104254417216094,High
34015500100,158,13.255,0.050998422530876074,High
34015500201,179,12.922,0.04388446451919648,High
34015500202,187.8,6.33,0.020490012332851023,High
34015500203,201.8,10.434,0.031431403086507145,High
34015500204,302.8,16.322,0.03276812566000008,High
34015500205,212.1,14.22,0.04075613814095261,High
34015500300,151.1,6.39,0.02570813024648022,High
34015500400,113.6,5.547,0.029683419666937796,High
34015500500,180.9,9.006,0.030264079803616162,High
34015500600,305.6,15.927,0.0316821559859323,High
34015500701,180.9,7.537,0.025327600430807798,High
34015500702,245,16.613,0.04122076794243533,High
34015500703,302.7,34.815,0.06991785179584349,High
34015500800,272.8,10.174,0.02267156316572926,High
34015500900,203.8,8.914,0.02658903329147415,High
34015501001,148.9,7.538,0.030774820823832726,High
34015501002,184.7,13.441,0.04423833605139691,High
34015501003,167.5,7.898,0.028663974958036565,High
34015501101,153.9,5.784,0.02284671489598701,High
34015501102,222.9,15.563,0.04244410172075474,High
34015501103,217.9,12.644,0.035274539644102106,High
34015501104,189.6,12.212,0.039154579149192674,High
34015501105,160.4,12.515,0.0474308150596154,High
34015501106,202.2,13.296,0.039973663561011244,High
34015501107,165.8,2.791,0.010233151598036231,High
34015501201,279.9,7.891,0.017138122494898853,High
34015501202,261.8,6.97,0.016184423479256305,High
34015501203,197,9.14,0.02820421828954068,High
34015501204,208.3,10.226,0.029843559163995115,High
34015501205,275.9,16.079,0.03542757551687707,High
34015501206,232.7,12.446,0.0325137836132725,High
34015501208,223.3,14.47,0.039392532841856814,High
34015501209,277.7,13.22,0.02893941002568866,High
34015501210,235.3,9.608,0.02482247974195782,High
34015501212,159.1,25.401,0.0970542890384553,High
34015501213,260.1,16.367,0.038252764601877466,High
34015501301,197.9,17.78,0.054616021416361155,High
34015501302,151.4,10.186,0.040898925128386325,High
34015501303,202,16.87,0.050768906677901834,High
34015501402,163.8,10.48,0.038893899076269896,High
34015501403,195.6,8.837,0.027464399152168372,High
34015501404,178,11.407,0.03895700283460264,High
34015501405,206,13.351,0.03939858942957476,High
34015501406,192.6,19.585,0.06181606996878423,High
34015501500,185.9,16.438,0.05375312085623051,High
34015501603,167.4,6.923,0.025140445867968177,High
34015501604,216.3,16.644,0.046777314520106736,High
34015501605,165.3,29.029,0.10675625233296006,High
34015501606,206.1,13.032,0.038438565986647376,High
34015501608,155.6,9.933,0.03880654159601816,High
34015501609,308.5,15.598,0.030736035232742015,High
34015501701,218.9,11.925,0.033116674835909306,High
34015501702,206.4,21.921,0.06456315826677034,High
34015501703,189.3,18.073,0.05803817295202128,High
34015501704,184.3,11.86,0.0391195140736245,High
34015501800,195.9,17.349,0.05383616416166675,High
34015501900,235.2,14.347,0.037081549945206044,High
34015502001,357.3,10.81,0.018391907560673305,High
34015502002,323.7,32.425,0.060893562559801974,High
34015502100,353.5,10.795,0.018563819039307317,High
34015502200,330.4,7.707,0.01418010406470558,High
34015502300,200.9,15.277,0.046226630618145394,High
34015502400,202.1,14.498,0.04360897506275294,High
34021000100,95,19.057,0.12194528875379937,Medium
34021000200,79.2,27.663,0.21232845169015382,Medium
34021000300,102.6,19.742,0.1169709142833443,High
34021000400,74.7,16.901,0.13753901116115932,Medium
34021000500,90.2,6.985,0.04707539476610572,High
34021000600,105.3,12.467,0.07197268190175991,High
34021000700,77.9,3.348,0.02612655145908362,High
34021000800,89.5,14.083,0.09565468407736327,High
34021000900,150,27.069,0.10970212765957446,High
34021001000,69.8,30.403,0.26478605829944,Medium
34021001101,126.6,79.506,0.38176868004436826,Medium
34021001102,73.7,18.2,0.15011980715378617,Medium
34021001200,163,11.214,0.041822216420832795,High
34021001300,209.5,26.614,0.07722541004417813,High
34021001401,87,11.272,0.07876183488802711,High
34021001402,81.5,9.914,0.07394782478975143,High
34021001500,128.5,71.57,0.33858053528556054,Medium
34021001600,93.7,7.804,0.050630447687601575,High
34021001700,73.1,11.293,0.093913072403627465,High
34021001800,83.7,7.286,0.052917315786224495,High
34021001900,78.7,6.814,0.052633408387821864,High
34021002000,75.6,39.284,0.3158842733310819,Medium
34021002100,88.1,6.909,0.04767309875141885,High
34021002200,87.1,7.454,0.052024190480843384,High
34021002400,NA,NA,NA,NA
34021002500,173.7,12.535,0.04386908917831639,High
34021002601,155.3,9.293,0.036376304710756896,High
34021002602,189.5,8.436,0.02706209750503244,High
34021002701,172.6,14.379,0.050643299157882134,High
34021002702,223.5,11.053,0.030063306202103863,High
34021002800,167.8,22.347,0.08095829816216293,High
34021002902,229.7,14.344,0.03796150125775261,High
34021002903,257.8,17.28,0.04074693277935112,High
34021002904,294.5,19,0.039219531326600644,High
34021003001,347.7,22.639,0.039580989446060214,High
34021003002,322.4,14.405,0.027161410998061648,High
34021003003,244.6,10.216,0.025389756118170723,High
34021003004,266.9,13.486,0.030716284345422683,High
34021003006,292.6,14.375,0.029865351413903642,High
34021003007,257.2,12.525,0.02960335055566848,High
34021003008,283.2,13.818,0.029661016949152543,High
34021003009,209.9,13.744,0.03980474129379889,High
34021003100,222.7,12.374,0.033777226986295573,High
34021003201,267.7,13.242,0.030070407263041127,High
34021003202,310,15.692,0.030771644278850867,High
34021003301,377.7,43.546,0.0700866627556165,High
34021003302,416.3,25.537,0.03729044477072954,High
34021003400,147.9,14.405,0.05920783573884431,High
34021003500,191.7,10.51,0.03332841810516369,High
34021003601,211.5,15.356,0.044136900270897554,High
34021003602,183.9,12.063,0.03987564273566148,High
34021003703,233.8,12.177,0.031661384135766676,High
34021003704,277.3,10.327,0.02263906076506302,High
34021003705,215.7,17.083,0.04814465661386621,High
34021003706,314.6,23.587,0.04557724673778832,High
34021003800,396.8,32.331,0.049531510442200215,High
34021003902,423.6,22.292,0.03199095321330268,High
34021003903,562.5,32.149,0.034743937858831474,High
34021003904,416.5,24.844,0.03626106977745506,High
34021003905,593.3,40.879,0.04188514398626609,High
34021004000,624.3,43.366,0.04222699027774329,High
34021004201,721.3,46.307,0.039026967940779,High
34021004203,1029,95.569,0.05645933579684587,High
34021004204,960.9,100.674,0.06369029035279426,High
34021004301,480,47.527,0.06019123606889564,High
34021004304,640,30.943,0.029391147416413375,High
34021004306,638.2,31.98,0.030461813668572035,High
34021004307,602.8,12.792,0.012900284992224736,High
34021004309,456.1,24.112,0.032137142643890414,High
34021004310,372.4,26.193,0.0427572404741772,High
34021004403,274.2,30.478,0.06756987445101417,High
34021004404,210.9,11.249,0.03242436165168528,High
34021004405,401.6,29.465,0.04460123033701062,High
34021004406,295.4,39.841,0.08198866921983072,High
34021004407,342.9,9.964,0.0176644586093405,High
34021004501,822.9,73.903,0.054594526511436876,High
34021004502,1709.9,181.236,0.06443292600875537,High
42017100102,222.5,28.018,0.07654929817970699,High
42017100103,223.3,28.947,0.07880412219580021,High
42017100104,312.3,18.086,0.03520502361633025,High
42017100105,255.7,13.35,0.031738371215318105,High
42017100201,232.8,10.845,0.02831918027136277,High
42017100206,292.6,17.998,0.037392458765039154,High
42017100207,267.3,9.983,0.022703677550013245,High
42017100208,232.4,14.881,0.038925131703540165,High
42017100209,287.7,16.295,0.03443091788664526,High
42017100210,240.5,21.462,0.05424868403591808,High
42017100211,244.3,7.335,0.01825201213814795,High
42017100212,259.5,15.458,0.03621179378158839,High
42017100302,203.4,11.08,0.03311485894803537,High
42017100303,191.8,10.67,0.03381815530995749,High
42017100304,187.1,18.006,0.058502921734553466,High
42017100306,198.2,11.101,0.03404807400341677,High
42017100307,196.1,17.647,0.054705046274697015,High
42017100401,202.4,10.461,0.03141932073476939,High
42017100402,191.8,7.279,0.02307051101229434,High
42017100403,186.8,25.842,0.08409755081585232,High
42017100404,216.4,7.094,0.019928197809977018,High
42017100406,277.6,7.215,0.015799777511102547,High
42017100407,197.7,7.834,0.02408856869193291,High
42017100408,192.7,9.041,0.028521269497762562,High
42017100500,219.5,13.369,0.037025292354134494,High
42017100600,166.5,7.215,0.02634245187436677,High
42017100700,174.4,12.387,0.043177128356710635,High
42017100803,252.3,7.569,0.0182370820668693,High
42017100804,302.7,15.422,0.03097150970545737,High
42017100805,240.9,7.11,0.0179418366535825,High
42017100807,351,16.192,0.028043194000640807,High
42017100808,365.5,14.303,0.02378887230300334,High
42017100809,438.9,7.84,0.010858868641623401,High
42017100811,270.2,22.386,0.05036458415358206,High
42017100900,328.9,18.889,0.034912358686641755,High
42017101100,260.9,10.732,0.025005795929684597,High
42017101401,286.8,9.544,0.020229510837540748,High
42017101403,307.6,17.412,0.03441093118209019,High
42017101404,310.5,19.334,0.037852468564771986,High
42017101405,269,10.551,0.0238437983751596,High
42017101503,291.9,15.304,0.03187168025024184,High
42017101504,342.6,18.253,0.03238776600180632,High
42017101505,352,14.683,0.025357488256424424,High
42017101506,309.4,18.475,0.0362992987702446,High
42017101603,248.6,15.786,0.03860157917774186,High
42017101605,273.8,18.407,0.04086802649194828,High
42017101607,282.1,14.168,0.030530896694246037,High
42017101609,303.9,13.134,0.026272440042367163,High
42017101610,305.7,12.955,0.025761792408275194,High
42017101611,302.9,14.275,0.028649097227309264,High
42017101802,469.3,13.621,0.017643816665446888,High
42017101803,365.5,15.136,0.0251743250491686,High
42017101805,378.5,21.951,0.03525514649492277,High
42017101807,367.3,11.523,0.019071231205784096,High
42017101808,348.3,21.901,0.03822474249655513,High
42017101900,328.3,11.25,0.020831269494596367,High
42017102002,387.2,12.733,0.01999076841920169,High
42017102003,359.2,11.221,0.018990190968108802,High
42017102004,308.9,16.666,0.03279801550949,High
42017102102,352.8,39.897,0.06874573537621735,High
42017102104,296.9,35.678,0.0730507032650458,High
42017102300,309.1,23.987,0.04717490429612788,High
42017102401,247.7,15.643,0.038390886121926586,High
42017102402,260.3,14.289,0.033370427155012865,High
42017102500,201.7,15.381,0.04635672769302872,High
42017102600,203.2,22.325,0.06678852643419572,High
42017102700,330.7,28.026,0.05151824029896976,High
42017102801,291.2,19.599,0.04091444270015699,High
42017103101,174.9,14.852,0.05162133464020256,High
42017103102,196.6,10.932,0.03380260785944646,High
42017103103,172.2,6.172,0.02178847667764563,High
42017103300,368.2,39.261,0.0648203946249643,High
42017103400,371.2,30.562,0.0500504402054292,High
42017103700,377.3,30.63,0.049350810469847746,High
42017103800,341.9,20.753,0.036899109304254524,High
42017103900,389.6,33.335,0.05201344376275566,High
42017104000,397,32.262,0.04940090190103589,High
42017104100,311.9,18.027,0.03513517991016917,High
42017104201,542.3,60.69,0.06803174814913628,High
42017104203,420.2,17.871,0.025853949993417523,High
42017104204,335.7,23.326,0.0422399142380889,High
42017104301,723.6,80.164,0.06734648271644143,High
42017104303,539,32.61,0.036778679418714155,High
42017104304,841.8,160.035,0.11556867936055391,High
42017104400,530.8,70.841,0.08113119383943031,High
42017104502,409.9,39.042,0.05790128958727424,High
42017104503,489.3,30.275,0.037613438216122896,High
42017104505,464.2,13.811,0.018086481432251323,High
42017104506,633.8,31.361,0.03007957982008458,High
42017104601,457.5,14.178,0.018839005431262146,High
42017104603,487.7,26.769,0.033366717917300545,High
42017104604,370.2,37.021,0.060791915648979684,High
42017104701,374.4,52.97,0.08600589717610994,High
42017104702,490.5,56.976,0.07061338687339078,High
42017104703,377,13.996,0.022568187498488306,High
42017104800,266.1,20.458,0.0467360923116638,High
42017104901,439.6,12.462,0.017233129869375585,High
42017104902,337.2,27.451,0.04948854683843705,High
42017105003,415.3,20.255,0.02964861523913939,High
42017105004,393.9,14.435,0.022277420634277602,High
42017105006,401.9,15.471,0.02340100328908808,High
42017105008,466,62.858,0.08199903466089202,High
42017105009,357.9,35.721,0.06067307520821815,High
42017105010,314.2,22.571,0.043669550109410885,High
42017105011,381.9,100.152,0.1594204628751937,Medium
42017105012,369.2,9.629,0.01585453803014486,High
42017105013,417.2,20.714,0.0301823999626982,High
42017105100,668.2,64.324,0.0585195084739749,High
42017105202,307.7,26.593,0.052538048250921385,High
42017105203,449.5,16.849,0.022786547700754976,High
42017105206,448.7,13.422,0.018184244521322324,High
42017105207,380.3,12.873,0.020577259834061574,High
42017105208,596.1,24.279,0.024759722390064295,High
42017105300,492.3,44.39,0.05481373640384103,High
42017105400,693.5,31.974,0.0280275155975044,High
42017105505,449.6,18.302,0.02474607621499421,High
42017105506,520,31.424,0.03673602992751929,High
42017105507,463.2,13.486,0.017698998902835304,High
42017105508,618,20.268,0.019936848939121198,High
42017105509,466.8,24.804,0.03230166977910783,High
42017105510,269.3,9.654,0.021792398845594283,High
42017105511,378.8,13.999,0.022465761338798254,High
42017105600,329.6,18.134,0.0334457166465016,High
42017105702,174.7,17.2,0.05985075587677008,High
42017105704,211.3,17.696,0.05091077524141334,High
42017105801,328.4,11.589,0.02145245067731916,High
42017105805,43.3,11.06,0.15527492506510737,Medium
42017105807,239.2,10.036,0.02550548433989692,High
42017105808,229.9,7.657,0.020246677886909994,High
42017105809,233.8,4.764,0.01238686326868625,High
42017105810,235.6,9.708,0.025048895402542046,High
42017105811,225,9.917,0.026793650793650793,High
42017105812,223.5,6.225,0.016931519144856286,High
42017105900,233.6,7.782,0.02025128034309031,High
42017106000,287.2,10.162,0.02150942757236837,High
42017106100,359.1,13.355,0.022608022927971736,High
42017106200,320.1,14.346,0.02724452559942799,High
42017106300,303.2,20.55,0.041201850975611715,High
42017106401,276,14.362,0.03163296771067354,High
42017106402,267.1,13.025,0.029644077613998832,High
42017106500,191.2,14.272,0.04537650544950465,High
42017106600,313.3,32.859,0.06375702517664203,High
42017980000,NA,NA,NA,NA
42029300101,478.1,42.947,0.05460698344320127,High
42029300103,360,60.857,0.10276426882809861,High
42029300104,490.5,31.215,0.03868640956284915,High
42029300106,318.4,16.524,0.03154831910311436,High
42029300107,701.7,30.58,0.026492326711551148,High
42029300108,535.4,67.191,0.07628986310266564,High
42029300109,689.9,37.543,0.03308087027281607,High
42029300201,474,23.208,0.029764149128544495,High
42029300202,834.6,46.814,0.03409820112942006,High
42029300301,387.7,21.329,0.03344327430180168,High
42029300302,618.1,39.276,0.03862803404294659,High
42029300303,335.9,17.24,0.031200485743061102,High
42029300400,363.3,66.176,0.11073099760135267,High
42029300501,529.6,30.76,0.03530794589481997,High
42029300502,314.7,17.833,0.034447821681864235,High
42029300600,241.4,18.997,0.04783897376751119,High
42029300700,210.3,32.413,0.09369449057432787,High
42029300800,204.7,13.932,0.041374210609937005,High
42029300900,229.4,6.899,0.018282131528528235,High
42029301000,282.2,14.115,0.030405907556562747,High
42029301100,172.3,8.916,0.031457114279010774,High
42029301300,271,12.723,0.028540024002063732,High
42029301401,202.8,16.042,0.048086665107941705,High
42029301402,281.8,11.402,0.024596547164235125,High
42029301500,304.3,17.656,0.03527154353956012,High
42029301600,336.1,23.697,0.042860669814400655,High
42029301700,444.5,30.397,0.041571247363076574,High
42029301800,526.2,41.885,0.04838845701069432,High
42029301900,506.3,38.836,0.046629489706296406,High
42029302000,405.6,26.229,0.03931134332116328,High
42029302101,377.2,25.127,0.04049515386127827,High
42029302102,359.6,16.709,0.028246515040352162,High
42029302202,363.1,24.975,0.041813194218310916,High
42029302203,343.7,10.49,0.018553679650999803,High
42029302204,291.2,9.861,0.02058560740171683,High
42029302300,381.2,47.728,0.07611222917869342,High
42029302400,305.9,26.934,0.0535248521727207,High
42029302500,390.2,29.111,0.045352784559083564,High
42029302600,275,31.32,0.06923459519204199,High
42029302702,320.6,24.747,0.04692379599800525,High
42029302703,441.6,20.657,0.028436247301880973,High
42029302704,381.6,20.544,0.03272734224159355,High
42029302705,350.2,12.961,0.022498650358718165,High
42029302706,346.2,12.68,0.022265183959936718,High
42029302802,477.6,20.309,0.02584986737130434,High
42029302803,300.4,15.251,0.030862598602066547,High
42029302804,650,36.966,0.03457189618891746,High
42029302805,222.8,52.304,0.14270980556934948,Medium
42029302901,415.6,23.001,0.03364381814405364,High
42029302902,427.8,15.705,0.022316765923342866,High
42029303000,470.9,22.201,0.028660116016604044,High
42029303100,557.8,27.104,0.02953853665235004,High
42029303301,397.4,41.155,0.0629547988980042,High
42029303302,445.6,37.019,0.05050258385947296,High
42029303401,230.8,16.871,0.0444364257004841,High
42029303402,285.9,30.198,0.06420932776673885,High
42029303501,430.1,21.873,0.030915267460949563,High
42029303502,454.6,34.241,0.045787940097644204,High
42029303801,342,18.867,0.03353596757852077,High
42029303802,322.6,25.258,0.04759580686556983,High
42029303901,545.3,31.408,0.035013770619000614,High
42029303902,423.1,52.914,0.07602591668528497,High
42029304000,315,22.994,0.044374969846094466,High
42029304101,228.2,16.631,0.04430337596466599,High
42029304102,216.2,9.917,0.027884234174705962,High
42029304201,221.7,16.351,0.04483454050148548,High
42029304300,388.6,20.229,0.03164504487310851,High
42029304403,247.4,10.981,0.026982133949918052,High
42029304404,332.2,13.064,0.02390620510953046,High
42029304405,398.1,12.8,0.019545729754326974,High
42029304406,457.7,11.021,0.01463774535423251,High
42029304501,435,19.53,0.027292736610418197,High
42029304502,396.1,28.642,0.04395746062099389,High
42029304600,418.6,26.494,0.038475334629689065,High
42029304900,297,20.732,0.042434476477029665,High
42029305000,206.1,8.69,0.025631609762428308,High
42029305101,238.4,23.489,0.05989524897492911,High
42029305102,257.9,14.545,0.034284394295284217,High
42029305300,187.3,13.687,0.04442266279573591,High
42029305400,154.9,20.633,0.08097390021211841,High
42029305500,94.1,11.936,0.07710868280203755,High
42029305600,99.3,17.683,0.10825321322203756,High
42029305700,140.2,10.032,0.04349843254751137,High
42029306000,247.7,11.509,0.028245266788803496,High
42029306300,205.8,11.259,0.03325741933768731,High
42029306501,404.7,24.991,0.037539158053960194,High
42029306503,335.3,13.888,0.02517910286754954,High
42029306504,395.7,22.912,0.03519905857266527,High
42029306600,366.1,10.418,0.017298909311904247,High
42029306700,372.1,17.909,0.0292580760311352,High
42029306800,313,21.945,0.04262116783359391,High
42029306900,357.1,14.229,0.024222481165825,High
42029307000,320.5,14.817,0.028103884033780804,High
42029307100,308.4,15.55,0.030651386309967322,High
42029307200,248.5,22.224,0.05436631949753231,High
42029307300,237.5,18.185,0.0465461526155815,High
42029307400,188.5,8.81,0.02841179363556473,High
42029307700,266.4,15.562,0.03551119508566317,High
42029307800,280.5,8.268,0.017918502023633442,High
42029307900,248.5,17.853,0.04367359170218882,High
42029308000,206.9,14.263,0.04190679902042159,High
42029308101,282.9,6.937,0.014906402533035507,High
42029308102,250.9,20.75,0.05027493727747283,High
42029308200,169,25.618,0.09214942177298968,High
42029310400,NA,NA,NA,NA
42029311000,330.2,26.474,0.04873899764166141,High
42029311100,531.1,65.147,0.0745679523887739,High
42029311200,489.4,66.211,0.08224325301249716,High
42029311300,514.4,38.733,0.04577351605080668,High
42029311401,216.4,23.652,0.06644230823253122,High
42029311403,271.5,11.113,0.024882589688044018,High
42029311404,279.8,15.302,0.03324563137803598,High
42029311500,285.3,8.63,0.018388365257282636,High
42029311600,155.8,17.295,0.06748188582509726,High
42029311700,319.3,14.568,0.027735443318733895,High
42029311800,229.1,10.127,0.026871370593799713,High
42045400301,69.7,8.97,0.07823368060249528,High
42045400302,84.6,3.387,0.024337666257086808,High
42045400401,96.8,7.063,0.0443555477404607,High
42045400402,86.1,10.129,0.07151506165517582,High
42045400500,109.4,4.148,0.02304918233192378,High
42045400600,151.6,9.872,0.039585856236616916,High
42045400700,147.7,10.003,0.04117028479234792,High
42045400801,123.5,44.414,0.21861855949201972,Medium
42045400802,183.9,12.152,0.04016984253699397,High
42045400900,258.5,13.674,0.03215652613570223,High
42045401000,256.1,10.871,0.025804414831307583,High
42045401101,127.8,7.533,0.035832013356736164,High
42045401103,278.7,8.314,0.01813456527974541,High
42045401104,172.4,9.756,0.03440080677578826,High
42045401200,208.6,12.815,0.03734551081606425,High
42045401301,NA,NA,NA,NA
42045401302,169.2,6.826,0.02452449215690501,High
42045401401,143.5,7.6,0.0321955455768192,High
42045401402,136.7,8.35,0.03713231779038251,High
42045401501,144.2,6.363,0.026824445952725238,High
42045401502,194,13.839,0.04336477297652994,High
42045401600,166.2,6.074,0.022216613813510658,High
42045401700,120,15.591,0.07898176291793312,High
42045401800,160.7,10.146,0.03838071658379091,High
42045401900,160.1,10.435,0.03962189285192196,High
42045402000,155.6,9.794,0.03826349223712895,High
42045402100,136,7.054,0.03153048453423923,High
42045402200,132.4,11.414,0.0524063581851073,High
42045402300,146.4,12.561,0.05215755643031541,High
42045402400,68.5,20.724,0.18391498236194617,Medium
42045402500,66.7,4.034,0.036765811623063846,High
42045402600,77.5,7.475,0.058633199333267966,High
42045402700,88.5,11.735,0.08060721583981591,High
42045402800,123.6,16.244,0.07989297764137673,High
42045402900,86.4,3.563,0.02506895193065406,High
42045403001,120.6,4.726,0.023822125441687207,High
42045403002,119.5,7.502,0.038163065457643926,High
42045403101,117.9,14.413,0.07431469149838486,High
42045403103,102,7.741,0.04613504976458668,High
42045403104,125.8,18.354,0.08869194601359807,High
42045403200,162.9,5.81,0.02168149105965022,High
42045403300,130.9,7.347,0.0341196439891237,High
42045403401,113.5,10.129,0.05425063267410254,High
42045403402,106.2,6.12,0.03503168306630261,High
42045403501,157.4,8.97,0.0346435040533286,High
42045403502,151.4,16.158,0.06487775694330122,High
42045403601,167.6,6.879,0.024950852732297916,High
42045403602,159.2,5.714,0.021818820546501506,High
42045403701,143.8,13.822,0.05843137420683065,High
42045403702,139,10.23,0.04473989197699591,High
42045403800,196.8,13.642,0.042139273976326386,High
42045403901,193.5,16.002,0.05027214250371103,High
42045403902,219.6,13.166,0.036446481859805896,High
42045404003,157.1,34.334,0.13285634960405063,Medium
42045404004,201.4,14.28,0.04310253755625514,High
42045404101,222.4,11.348,0.031018346417091253,High
42045404102,167.8,8.937,0.03237679825816665,High
42045404103,151.2,7.408,0.02978401762596292,High
42045404300,90,13.118,0.08860520094562647,High
42045404400,119.7,5.947,0.030202151782698895,High
42045404500,80.8,7.728,0.058141984411207076,High
42045404600,111.8,14.38,0.0781899940732202,High
42045404700,90.2,7.58,0.05108539618140033,High
42045404800,45.1,8.892,0.11985523557915877,High
42045404900,31.9,8.792,0.1675448542653238,Medium
42045405000,70.8,9.936,0.08531245170264284,High
42045405100,61.8,8.418,0.08280461533921563,High
42045405200,65.7,4.116,0.03808413484892645,High
42045405300,54.3,10.18,0.11396776884022682,High
42045405400,46,16.412,0.21688912382714418,Medium
42045406100,130.2,6.216,0.029022453181684484,High
42045406201,190.5,7.387,0.023572585341725898,High
42045406202,203.1,14.478,0.04333439589104443,High
42045406300,112.1,14.605,0.0792008871800851,High
42045406401,91.5,4.236,0.028142906970950222,High
42045406402,100.4,11.534,0.06983615689218808,High
42045406500,103.5,5.219,0.030653568858934263,High
42045406600,78.3,5.843,0.04536367412376217,High
42045406700,96.3,6.69,0.04223124923065269,High
42045406801,212.1,10.619,0.030435262371221926,High
42045406802,181.8,9.299,0.031093990858052364,High
42045406803,226,10.382,0.027925868144282755,High
42045406902,216.6,9.401,0.02638455040176028,High
42045406903,283.9,9.513,0.02036977359423831,High
42045406904,234.9,9.977,0.025819691752682703,High
42045407000,246.5,9.438,0.02327539966830459,High
42045407101,369.1,18.459,0.030401724724315033,High
42045407102,326.9,15.949,0.029658735789181042,High
42045407201,431.6,43.45,0.06119873461580716,High
42045407202,280.8,37.714,0.08164687951921995,High
42045407401,430.5,31.894,0.045037049588906655,High
42045407404,340.5,18.986,0.03389615664430549,High
42045407501,286.9,18.399,0.03898502067483772,High
42045407502,327.7,34.46,0.06392532275702535,High
42045407600,387.8,35.828,0.05616281384663859,High
42045407700,198.9,18.103,0.055328623538886366,High
42045407801,299.6,13.676,0.027749258383011184,High
42045407802,346,11.315,0.019879825008345484,High
42045407803,274.5,8.766,0.01941302506353082,High
42045407804,286,7.079,0.015046655472187385,High
42045407805,295.2,11.484,0.02364889910297279,High
42045407806,262.6,12.187,0.028212150183921824,High
42045407901,526.6,33.528,0.038704449141536514,High
42045407902,401,29.947,0.045398661401208226,High
42045407903,335.7,24.61,0.04456504713192866,High
42045408001,366.6,15.028,0.02491970079113583,High
42045408002,418.4,23.971,0.03482800304532537,High
42045408101,344.6,20.488,0.03614251667498725,High
42045408102,312,16.48,0.032109734237393814,High
42045408103,326.9,10.876,0.02022499281730096,High
42045408300,475.6,31.174,0.03984600479062121,High
42045408400,546.1,44.318,0.04933351663550715,High
42045408500,306.7,18.134,0.03594296774270274,High
42045408600,363.4,13.757,0.02301298275490011,High
42045408700,343.7,10.874,0.01923286106053116,High
42045408800,289.4,13.108,0.027534170897549275,High
42045408900,353,16.939,0.02917072078665714,High
42045409000,287.8,13.408,0.028320916881235066,High
42045409100,326.4,13.616,0.025359079802133623,High
42045409200,274.4,6.151,0.013626857603658052,High
42045409300,284.9,8.756,0.01868303388060227,High
42045409400,311.3,13.317,0.02600527057334816,High
42045409500,290.6,10.348,0.0216468599710901,High
42045409601,698.7,65.292,0.056807192515148625,High
42045409602,324.6,22.324,0.041807827075455974,High
42045409701,721.5,28.998,0.02443238187919039,High
42045409702,459.5,21.221,0.028074654954010403,High
42045409802,838.5,57.791,0.0418978020165551,High
42045409803,546.4,68.577,0.07629602104073305,High
42045409902,388.8,39.695,0.06206455526786496,High
42045409903,322.2,17.581,0.033170508981753485,High
42045409904,613.9,30.341,0.030044595047558315,High
42045410000,500.4,48.406,0.05880523544690084,High
42045410100,511.5,36.945,0.043908048026098816,High
42045410200,491.4,54.079,0.06690022799445292,High
42045410301,453.5,19.08,0.02557615037382332,High
42045410302,405,28.095,0.04217043791511877,High
42045410400,416.3,14.012,0.020461045233483275,High
42045410500,117.2,7.13,0.03698247870784361,High
42045410601,185.4,9.262,0.030368905807864704,High
42045410602,216.9,8.256,0.023138981027212686,High
42045410700,61.8,10.052,0.09887764236039386,High
42045410800,301.9,31.682,0.06379454941399505,High
42045980000,NA,NA,NA,NA
42091200103,425.1,19.975,0.028564707463790032,High
42091200104,371.7,19.4,0.03172804161934037,High
42091200105,397.3,25.204,0.03856426012361556,High
42091200106,426.3,36.148,0.051546957741276996,High
42091200200,435.7,32.536,0.04539527978943154,High
42091200301,244.3,12.506,0.031119245235129957,High
42091200305,260.3,8.344,0.019486517193745348,High
42091200306,313.7,19.293,0.03738689026842093,High
42091200307,215.3,15.69,0.04430094714803829,High
42091200308,258.7,12.866,0.030232998050810516,High
42091200309,249.7,8.542,0.020795775599412303,High
42091200310,334.1,21.385,0.038910505836575876,High
42091200401,277.7,12.18,0.026662784728660193,High
42091200402,234.3,11.209,0.029082295189577174,High
42091200501,342.1,14.723,0.026162385196386702,High
42091200502,236.4,11.657,0.029975982184644024,High
42091200505,579.9,31.971,0.03351484455710056,High
42091200506,340.3,22.358,0.039939727774616886,High
42091200507,247.9,14.194,0.03480666167233331,High
42091200602,316.5,22.696,0.0435922922158679,High
42091200603,372.3,17.789,0.029046418917319187,High
42091200605,439.1,30.46,0.04216970468054649,High
42091200606,220,54.575,0.15080132633324123,Medium
42091200607,348.9,10.994,0.019155295714451237,High
42091200703,278.9,18.279,0.03984171424648069,High
42091200704,288,12.022,0.025375717662951706,High
42091200707,266.7,22.185,0.05056738728327652,High
42091200708,286.4,24.92,0.05289433020325687,High
42091200800,251.1,12.826,0.031051216592282712,High
42091200901,198.6,26.336,0.0806129226775881,High
42091200902,169,14.113,0.0507652740058632,High
42091200903,222.3,11.278,0.0308408774254239,High
42091200906,268,9.716,0.022038742457923147,High
42091200907,263.4,13.574,0.03132753125483218,High
42091200908,213.1,13.821,0.03942667155423128,High
42091201003,278.8,20.101,0.04382874062961978,High
42091201004,287.8,16.392,0.03462384170026888,High
42091201005,372.3,11.212,0.018307293771487026,High
42091201006,462.9,23.017,0.03022704096875716,High
42091201100,233.6,16.996,0.04422908772952491,High
42091201201,598.9,50.527,0.051286527833956985,High
42091201203,479.8,45.586,0.05775709483814811,High
42091201204,242.7,15.023,0.0376288537138549,High
42091201301,314.3,22.412,0.043348126342419635,High
42091201302,208.7,22.576,0.06575952160064548,High
42091201404,497.5,30.922,0.037784057063432665,High
42091201406,361.1,7.754,0.01305366328316298,High
42091201407,309.5,14.892,0.029250040510481162,High
42091201408,464.1,12.361,0.01619109182134392,High
42091201409,462.6,15.709,0.02064319946594969,High
42091201410,347.2,34.2,0.05987982015043492,High
42091201411,273.1,17.122,0.03811245198937339,High
42091201501,394.9,29.758,0.04580898861702513,High
42091201502,432,29.028,0.04084768659236744,High
42091201603,235.7,8.571,0.02210578848750343,High
42091201604,226.7,6.594,0.017682005462275576,High
42091201605,235.8,9.275,0.023911356540883905,High
42091201606,224.3,7.906,0.021427013051072773,High
42091201607,260.2,15.198,0.03550693995033047,High
42091201608,325.3,19.567,0.03656573263678979,High
42091201703,239.7,10.57,0.02680655784269344,High
42091201704,255.3,12.623,0.030057016180975477,High
42091201705,283.5,9.131,0.01957939992387814,High
42091201706,272.8,14.184,0.03160737683730134,High
42091201800,348,53.011,0.09260210320371728,High
42091201901,344.8,10.72,0.018899992242540496,High
42091201902,276,25.547,0.05626844632395049,High
42091202000,239.1,8.296,0.02109226722804234,High
42091202100,273.7,39.973,0.08878222889525837,High
42091202201,212.4,17.04,0.04876959799426442,High
42091202202,243.5,7.989,0.019944702071487862,High
42091202301,313.8,15.366,0.029767474297802597,High
42091202302,255.3,17.91,0.042646055597026916,High
42091202401,NA,NA,NA,NA
42091202402,282.2,19.99,0.0430615722320715,High
42091202500,281.4,24.507,0.05294197704486686,High
42091202602,343.1,19.833,0.035140002781717555,High
42091202603,243.9,11.359,0.028311468525019597,High
42091202604,294.6,12.518,0.025830707548435153,High
42091203000,560.8,58.454,0.0633636706572027,High
42091203103,364.3,9.345,0.015593881591627196,High
42091203104,428,27.711,0.03935886146067096,High
42091203105,373.1,18.241,0.029720594477062705,High
42091203106,322.7,30.092,0.05668735394651699,High
42091203203,350.6,17.329,0.030046624371247204,High
42091203204,495.3,34.903,0.04283793494716597,High
42091203205,422.4,27.744,0.039928156949433545,High
42091203207,453.2,21.748,0.029171819710964515,High
42091203208,372.4,23.079,0.03767397216445369,High
42091203302,277.2,14.002,0.030706544384355935,High
42091203303,254.9,13.338,0.03180936322844288,High
42091203304,258.1,15.521,0.036556599607371613,High
42091203401,196.6,17.847,0.055184334290847147,High
42091203402,236.9,11.517,0.02955346477615502,High
42091203403,204,17.953,0.05349842064485368,High
42091203500,160.4,4.248,0.016099568707410805,High
42091203601,156.6,23.262,0.09030034121743587,High
42091203602,161.5,10.115,0.03807390817469205,High
42091203700,184.5,43.322,0.14274017512211598,Medium
42091203801,132.3,12.207,0.05608971045358366,High
42091203803,157.3,12.845,0.049640881362351376,High
42091203804,108.1,15.267,0.08585431141378155,High
42091203901,116.1,39.205,0.2052784388261875,Medium
42091203902,99,75.369,0.46279819471308836,Low
42091204002,337,22.165,0.03998268288943205,High
42091204007,332.5,11.664,0.02132504513563544,High
42091204008,333.5,66.239,0.12074023778384364,Medium
42091204009,258.1,59.394,0.13989064345597768,Medium
42091204010,353.7,6.901,0.011860720322633593,High
42091204101,275.8,6.802,0.014992583057631733,High
42091204102,294.2,15.169,0.03134356422754821,High
42091204200,336,32.055,0.057995006513243595,High
42091204300,401.2,48.518,0.07351501725825563,High
42091204400,616.4,26.111,0.025751051797968005,High
42091204500,623.1,28.505,0.027809769663302272,High
42091204600,736.6,45.933,0.03790767900160682,High
42091204701,311,79.588,0.15556836951103897,Medium
42091204702,434.2,19.982,0.027975846296651494,High
42091204800,885.9,56.421,0.03871597273186714,High
42091204900,889,46.169,0.031570597748229796,High
42091205000,364.3,130.925,0.21847286756380851,Medium
42091205100,779.9,139.734,0.10891740075787132,High
42091205200,759.9,169.313,0.13544655331788577,Medium
42091205300,250,29.917,0.07274650455927052,High
42091205400,612.9,38.18,0.037868700348782834,High
42091205501,300,36.253,0.07346099290780142,High
42091205502,593.4,44.024,0.045099949495104714,High
42091205503,359,18.255,0.030911600104985986,High
42091205600,442.5,26.169,0.03595074957498326,High
42091205700,198.4,15.261,0.04676009902931659,High
42091205801,191,15.203,0.048387148108658636,High
42091205805,283.8,13.284,0.028454474768180853,High
42091205806,231.9,12.166,0.03189195636417018,High
42091205807,228.6,8.636,0.022965214454576156,High
42091205808,344,7.347,0.012983318017954338,High
42091205809,340.2,9.09,0.016242903780897704,High
42091205903,462.6,39.841,0.05235506460773453,High
42091205904,484.6,22.179,0.02782227563358744,High
42091205905,264.4,16.911,0.03888140378628679,High
42091205906,271.3,7.949,0.017811348488701813,High
42091206004,279.6,17.596,0.03825699762143922,High
42091206005,290.5,16.915,0.035396470815960326,High
42091206006,290,15.877,0.03328162666387171,High
42091206007,338.2,17.309,0.031112325398722725,High
42091206102,361.4,25.252,0.04247581593364542,High
42091206104,453.3,39.877,0.053477470518460704,High
42091206105,441.4,13.142,0.018099360559039143,High
42091206106,242.5,13.251,0.03321781092344812,High
42091206201,209.9,29.694,0.0859983984268091,High
42091206202,171.5,11.715,0.041525251003571205,High
42091206300,297.1,21.095,0.043162935734388855,High
42091206400,244.8,7.651,0.01899944374913086,High
42091206501,297.2,16.948,0.03466600121907816,High
42091206502,241.8,18.368,0.046178484064551314,High
42091206600,170.3,28.427,0.10147299509001635,High
42091206702,NA,NA,NA,NA
42091206703,343.4,25.923,0.04589010662196204,High
42091206704,375.1,14.788,0.023966050795775636,High
42091206801,528.4,45.99,0.05290962681398683,High
42091206802,338.8,25.035,0.04491984942385606,High
42091206901,337.6,17.074,0.030744464771892424,High
42091206904,258.3,56.766,0.1335973932904765,Medium
42091206905,282.3,20.277,0.04366434207933745,High
42091206906,341.3,13.09,0.023315109312952352,High
42091207001,427.6,25.828,0.03671869002362802,High
42091207003,365.7,24.889,0.04137295921632577,High
42091207004,280.8,11.909,0.02578174386685025,High
42091207101,341.3,17.783,0.03167399456930724,High
42091207103,288.7,17.919,0.03773124045216846,High
42091207104,307.7,16.025,0.03165954285793311,High
42091207201,227.5,6.594,0.01761982698152911,High
42091207202,232.3,9.478,0.024802850312783356,High
42091207300,218.6,10.878,0.03025053045492593,High
42091207400,337.6,23.195,0.04176630317348276,High
42091207500,353.8,27.359,0.04700851029465586,High
42091207600,260.4,19.512,0.0455506842407519,High
42091207800,291.2,17.219,0.03594600688065734,High
42091207900,174,10.318,0.036047933480068475,High
42091208000,202.2,14.377,0.043223628235308266,High
42091208100,158.1,6.998,0.02690767453172072,High
42091208201,257.2,16.657,0.03936950181283592,High
42091208203,260.8,12.638,0.029458108788483414,High
42091208204,300.2,17.93,0.03630811475227255,High
42091208301,301.3,22.565,0.04552713318275316,High
42091208302,314,10.757,0.02082550868294194,High
42091208400,239.6,21.703,0.05506391097624714,High
42091208500,207.8,15.341,0.04487890214755244,High
42091208601,363.8,35.574,0.05944346320751406,High
42091208603,264.2,9.451,0.021745983171080212,High
42091208604,289.3,47.218,0.09921863590660614,High
42091208702,245.5,19.413,0.04807012548053412,High
42091208703,204.7,13.699,0.04068226465299504,High
42091208704,163,10.483,0.03909597777239077,High
42091208801,111.3,47.858,0.2613927144523004,Medium
42091208802,111.8,7.039,0.03827394772471467,High
42091208901,127.8,9.517,0.04526925144246091,High
42091208903,161,13.87,0.05237025429968472,High
42091208904,95,21.061,0.13476883698608222,Medium
42091208905,156.1,7.631,0.029717525785240152,High
42091208906,110.5,8.144,0.04480325681827559,High
42091209000,119.9,6.594,0.033432115415328374,High
42091209100,217,7.711,0.021601557575672687,High
42091209201,157.6,17.159,0.06618656750960455,High
42091209202,132,13.41,0.06175739154462559,High
42091210100,294.9,15.456,0.03186078223415078,High
42091210200,327.2,14.628,0.027177265329478825,High
42091210300,346.5,12.212,0.02142484330934179,High
42091210400,317.8,15.029,0.02874817562229691,High
42091210500,303.7,24.211,0.04846207813862064,High
42091210600,299.6,17.439,0.03538456543882217,High
42091210700,364.5,21.588,0.03600385255231591,High
42101000100,397.1,45.783,0.07008715926025999,High
42101000200,225.8,70.888,0.19084592169415868,Medium
42101000300,591.2,67.513,0.0694203947666073,High
42101000401,595.8,48.082,0.04905870985449311,High
42101000402,303.4,82.486,0.16527180305073405,Medium
42101000500,394.4,158.93,0.24496445680253026,Medium
42101000600,734.4,171.884,0.14227771486845328,Medium
42101000700,293.4,134.929,0.279562740990753,Medium
42101000801,659.4,178.614,0.1646647546401675,Medium
42101000803,728,512.94,0.4283209192023782,Low
42101000804,582.7,127.589,0.13310743457638505,Medium
42101000901,257.4,37.452,0.08845055653566292,High
42101000902,762,141.343,0.11275957526585771,High
42101001001,606.4,75.711,0.07589862139208123,High
42101001002,658.9,95.752,0.08834102706869375,High
42101001101,390.6,39.068,0.06080272420109658,High
42101001102,436.6,30.484,0.042444587702431195,High
42101001201,620.2,53.301,0.052244153028388716,High
42101001202,657.7,104.355,0.09645383909017008,High
42101001300,413,34.781,0.051194830618868536,High
42101001400,457,29.027,0.03861180023012511,High
42101001500,418.2,46.009,0.06687947623263109,High
42101001600,470.3,77.696,0.10042868582234582,High
42101001700,500,59.081,0.07183100303951367,High
42101001800,418.2,28.296,0.04113155381509117,High
42101001900,391.1,52.779,0.08203655965288459,High
42101002000,118.1,9.681,0.049831552777127204,High
42101002100,190.8,30.894,0.09843054042170862,High
42101002200,239.4,34.423,0.08740950654244527,High
42101002300,278,18.569,0.04060484135487962,High
42101002400,333.3,22.962,0.041880175859531237,High
42101002500,312.3,32.762,0.06377236446523343,High
42101002701,185.4,43.363,0.14218169537318473,Medium
42101002702,234.3,15.294,0.03968102619585988,High
42101002801,166.6,12.229,0.04462210416081326,High
42101002802,239.2,27.225,0.06918959856055139,High
42101002900,278.3,10.608,0.023171513542382265,High
42101003001,151.2,46.952,0.18877148968334378,Medium
42101003002,194,31.68,0.09926989001347414,High
42101003100,119.3,10.218,0.052066639999796174,High
42101003200,93.1,12.322,0.08045733090868726,High
42101003300,85.1,8.373,0.05981162872929756,High
42101003600,130.8,14.416,0.06699943299591943,High
42101003701,111.8,6.276,0.03412520186394506,High
42101003702,115.4,13.719,0.07226878361507219,High
42101003800,208.4,14.015,0.04088175066653443,High
42101003901,166.5,14.331,0.052323448068128914,High
42101003902,195.4,12.693,0.03948878926557011,High
42101004001,183.4,10.73,0.0355659561209574,High
42101004002,175.1,9.299,0.03228376663617316,High
42101004101,153.1,20.282,0.08053222261707886,High
42101004102,129.3,16.652,0.07828922159770754,High
42101004201,153.6,18.805,0.07442455040526849,High
42101004202,148.5,20.237,0.08284261050218496,High
42101005000,NA,NA,NA,NA
42101005400,177.2,11.558,0.03965090190535654,High
42101005500,122.5,10.448,0.05184790025432665,High
42101005600,143.4,13.286,0.05632214605774652,High
42101006000,130.2,26.368,0.12311197643092926,Medium
42101006100,108.8,6.596,0.03685410334346505,High
42101006200,74.9,3.713,0.030135418653442683,High
42101006300,68.8,14.298,0.12633420513183008,Medium
42101006400,86,6.658,0.04706298155085884,High
42101006500,75.1,11.369,0.09202724634631029,High
42101006600,59,12.522,0.12901962804595332,Medium
42101006700,80.3,7.809,0.05911721621427247,High
42101006900,64.6,6.942,0.06532601842528725,High
42101007000,67.7,5.859,0.052610075740909513,High
42101007101,63.6,5.58,0.05333486264839135,High
42101007102,70.9,4.428,0.037966055191395044,High
42101007200,73.2,2.78,0.023087016459880077,High
42101007300,98,29.748,0.18452949568885305,Medium
42101007400,86.3,19.691,0.1387046670446981,Medium
42101007700,168.8,135.34,0.48740258430689004,Low
42101007800,301.2,41.336,0.08342718285924186,High
42101007900,431,62.674,0.08839836670216292,High
42101008000,150.1,36.395,0.1473992009379765,Medium
42101008101,78.4,8.768,0.06798585695676447,High
42101008102,80.9,6.449,0.04845939112041208,High
42101008200,100.7,20.649,0.1246532630250858,Medium
42101008301,65.6,2.916,0.02702201794054415,High
42101008302,79.1,7.832,0.06019082458816703,High
42101008400,85.8,5.817,0.04121410504389228,High
42101008500,99,12.002,0.07369746093150349,High
42101008601,297,57.824,0.11835477367392261,High
42101008602,212,72.802,0.20875724035097784,Medium
42101008701,429.3,26.328,0.03728130263658164,High
42101008702,455,58.061,0.07757239720765556,High
42101008801,NA,NA,NA,NA
42101008802,293.3,132.148,0.2738940698911972,Medium
42101009000,384.7,69.071,0.1091459574942145,High
42101009100,255.6,103.276,0.24562505053964448,Medium
42101009200,125.9,49.683,0.23989222883989075,Medium
42101009300,69.6,11.287,0.09858330713062922,High
42101009400,63.2,10.042,0.09659112769804933,High
42101009500,59.4,7.039,0.07203749756941245,High
42101009600,72.5,6.775,0.05680746253013312,High
42101009801,124.8,6.376,0.031057594887382124,High
42101009802,138.6,4.634,0.020324828835467136,High
42101010000,123.6,12.923,0.06355928035333117,High
42101010100,93.3,6.088,0.039666793720293074,High
42101010200,65,4.907,0.04589198036006547,High
42101010300,68.1,19.989,0.1784341818084437,Medium
42101010400,56.9,7.247,0.07742480008119615,High
42101010500,91.1,11.28,0.0752705033714913,High
42101010600,66.9,47.446,0.4311293451642655,Low
42101010700,71.8,16.893,0.14302647509546104,Medium
42101010800,89.9,27.957,0.18904490298237486,Medium
42101010900,170.1,45.038,0.16095663376987254,Medium
42101011000,69.7,21.336,0.18608626636954725,Medium
42101011100,79.6,14.014,0.10702448412274138,High
42101011200,72.3,7.274,0.061160228194747486,High
42101011300,95.9,32.698,0.20727011102623993,Medium
42101011400,132.8,25.438,0.11644450140989489,High
42101011500,123.3,8.189,0.040374010555715795,High
42101011700,210.8,18.909,0.054529567489315554,High
42101011800,128.8,14.402,0.06797372047801543,High
42101011900,114.8,9.978,0.05283670292195757,High
42101012000,294.7,35.396,0.07301433738704963,High
42101012100,170.1,14.666,0.05241329523666572,High
42101012201,NA,NA,NA,NA
42101012203,NA,NA,NA,NA
42101012204,165.9,17.122,0.06273966629474305,High
42101012500,344.9,27.082,0.04773331946795733,High
42101013100,281.3,31.797,0.06871483570094124,High
42101013200,244.2,86.887,0.21629338650615249,Medium
42101013300,241.5,48.461,0.12198581560283688,Medium
42101013401,401.4,48.345,0.07321638702232157,High
42101013402,438.4,90.154,0.12501109311561245,Medium
42101013500,377.1,22.844,0.036825590270976954,High
42101013601,363.7,24.027,0.040159689379586534,High
42101013602,348.5,20.994,0.03662068875292722,High
42101013700,183.9,43.253,0.14297779783184664,Medium
42101013800,102.5,22.672,0.13446215434798725,Medium
42101013900,278.8,77.265,0.16847060567870115,Medium
42101014000,223.2,45.436,0.12374851564968244,Medium
42101014100,206.2,40.797,0.12027452911122968,Medium
42101014200,310.8,49.464,0.09674807243196301,High
42101014300,274.7,27.481,0.060814616221288115,High
42101014400,257.4,24.77,0.058499420201547865,High
42101014500,150.8,66.769,0.26915820789628564,Medium
42101014600,160.4,8.284,0.03139567494637267,High
42101014700,188.6,34.044,0.10973192327403648,High
42101014800,183.1,170.516,0.5661231177342592,Low
42101014900,78.5,19.085,0.14779393258862022,Medium
42101015101,51.2,11.087,0.1316370630699088,Medium
42101015102,59.8,7.909,0.0803997112970286,High
42101015200,63.2,10.694,0.10286252933707822,High
42101015300,106.5,41.753,0.23832641237495897,Medium
42101015600,141.9,33.236,0.1423837584154259,Medium
42101015700,131.2,18.886,0.08750648676699534,High
42101015800,240.3,19.334,0.04891049308931212,High
42101016000,206.4,16.217,0.04776336561343983,High
42101016100,194.4,20.545,0.06424568776814639,High
42101016200,93.4,25.117,0.1634763705473077,Medium
42101016300,93.6,10.201,0.06625230561400774,High
42101016400,48,11.085,0.14038753799392098,Medium
42101016500,54.8,13.033,0.14457657577707275,Medium
42101016600,47.5,20.28,0.2595424732042873,Medium
42101016701,43.7,14.014,0.19494619991236184,Medium
42101016702,48.9,12.646,0.15720936592885426,Medium
42101016800,58.7,13.81,0.14301766231883306,Medium
42101016901,50.8,9.757,0.11675801163152479,High
42101016902,48,9.584,0.12137791286727456,Medium
42101017000,84.7,3.707,0.026605613231753047,High
42101017100,53.7,9.455,0.10703389878476055,High
42101017201,46,4.861,0.0642394608167041,High
42101017202,72.1,7.428,0.06262831511451927,High
42101017300,45.9,5.02,0.06648522293077987,High
42101017400,56.1,24.929,0.27013203734104857,Medium
42101017500,46.6,2.364,0.03083867096286053,High
42101017601,47.1,7.184,0.09272130047302836,High
42101017602,48.5,6.123,0.0767461536051139,High
42101017701,45.5,4.799,0.06411703797722036,High
42101017702,41.6,8.068,0.11789805938742108,High
42101017800,50.4,10.512,0.1267911419887104,Medium
42101017900,68.8,9.378,0.08286209090266487,High
42101018001,155.1,24.013,0.09411713983918603,High
42101018002,139.2,15.323,0.06691733920273905,High
42101018300,142.7,12.397,0.05281128390165352,High
42101018400,139.3,17.815,0.07774434482442608,High
42101018800,68,8.213,0.07342213481137136,High
42101019000,93.7,7.329,0.04754876359590363,High
42101019100,101.8,6.287,0.0375430697296684,High
42101019200,68.7,9.105,0.08056702194024502,High
42101019501,47.4,3.198,0.04101419722211535,High
42101019502,51.2,5.728,0.06800911854103343,High
42101019700,66.9,4.193,0.038100690137709496,High
42101019800,58.9,5.653,0.05834421331296669,High
42101019900,53.3,6.415,0.07316502905501349,High
42101020000,68.9,20.646,0.18215906935296738,Medium
42101020101,59.3,14.422,0.14784440560336654,Medium
42101020102,64.6,5.212,0.049046270243819814,High
42101020200,66.1,12.371,0.1137725376950278,High
42101020300,53.4,9.511,0.10827271381897248,High
42101020400,64.3,7.621,0.07205018270171641,High
42101020500,49.7,9.999,0.12230220227137903,Medium
42101020600,444.4,24.937,0.03411176983959795,High
42101020700,228.1,13.386,0.03567464278052206,High
42101020800,162.1,14.106,0.05289991355855611,High
42101020900,242.4,18.302,0.04589866281460973,High
42101021000,217.9,12.42,0.03464961897973332,High
42101021100,228.3,10.263,0.027327664367393725,High
42101021200,221.3,9.41,0.02584891433186325,High
42101021300,213.4,13.552,0.03860495722746216,High
42101021400,239,20.533,0.052226221210464066,High
42101021500,231.1,11.134,0.029287706870405713,High
42101021600,269.6,9.891,0.02230254435254751,High
42101021700,235.5,6.884,0.017769861705354318,High
42101021800,257.6,22.724,0.05362570560138949,High
42101021900,233.8,20.338,0.05288077774108752,High
42101022000,302.7,22.958,0.046105817651270274,High
42101023100,637.9,97.002,0.09244047837437717,High
42101023500,500,113.543,0.13804620060790274,Medium
42101023600,390.2,32.267,0.05026959909889559,High
42101023700,326.6,61.017,0.11357134481263158,High
42101023800,192.8,21.609,0.06813366292928401,High
42101023900,205.6,135.796,0.4015114780078767,Low
42101024000,173.3,23.773,0.08339106596954873,High
42101024100,188.9,23.404,0.07531686407146798,High
42101024200,111.9,26.116,0.14187656695214734,Medium
42101024300,153.3,15.605,0.06188077096183854,High
42101024400,116.7,35.033,0.18249063011957506,Medium
42101024500,92.5,25.195,0.16557956132424217,Medium
42101024600,121.3,35.295,0.17688315788682385,Medium
42101024700,96,9.855,0.06240501519756839,High
42101024800,118.5,16.233,0.08327497980070026,High
42101024900,82.1,10.586,0.07838317123827789,High
42101025200,106.3,12.581,0.07194754765860227,High
42101025300,115.3,10.403,0.05484832747662369,High
42101025400,197.7,11.822,0.036351169144246985,High
42101025500,269.3,25.268,0.05703856785068121,High
42101025600,329,22.805,0.04213745253646954,High
42101025700,330,56.243,0.10360688956433638,High
42101025800,191.9,12.787,0.04050678624093412,High
42101025900,151.5,8.509,0.03414286717425542,High
42101026000,161.6,7.929,0.029827108850702704,High
42101026100,205,16.194,0.04802135073022462,High
42101026200,155.7,5.727,0.02236004474351541,High
42101026301,147.7,8.96,0.03687751192036763,High
42101026302,142.3,8.444,0.0360725980259181,High
42101026400,152.6,18.241,0.07266549016639644,High
42101026500,111.3,10.998,0.06006931074316518,High
42101026600,118.5,7.705,0.039526502763777206,High
42101026700,117.5,9.28,0.048011382008665844,High
42101026800,167.2,11.397,0.04143700644260555,High
42101026900,225,34.35,0.09280648429584601,High
42101027000,243.5,22.972,0.057350068342248,High
42101027100,147,7.986,0.033025246572793245,High
42101027200,140.3,8.381,0.036313847660354386,High
42101027300,111.3,4.867,0.026582772812055372,High
42101027401,97.7,6.627,0.04123409855241994,High
42101027402,89.1,6.825,0.04656494018196146,High
42101027500,108.1,9.39,0.05280487221951981,High
42101027600,110.9,5.531,0.030318395224482743,High
42101027700,93.9,4.805,0.03110726990816719,High
42101027800,118,8.363,0.04308381845345422,High
42101027901,105.2,6.119,0.03535890531279254,High
42101027902,102.1,7.119,0.04238647967157772,High
42101028000,73,6.64,0.055294166631969024,High
42101028100,100.3,12.732,0.0771666762630043,High
42101028200,98.2,9.044,0.05598648004506652,High
42101028300,83.6,8.997,0.06542225971117348,High
42101028400,86.7,3.253,0.02280862282334711,High
42101028500,92.4,7.546,0.04964539007092199,High
42101028600,81.1,7.72,0.05786694350852076,High
42101028700,68.2,9.854,0.08783392311189153,High
42101028800,72.3,4.969,0.041779649972463605,High
42101028901,87.1,4.119,0.02874800651872738,High
42101028902,87.5,3.449,0.023961788970907512,High
42101029000,98.5,6.244,0.03853547899341181,High
42101029100,103.8,9.181,0.05376835274756809,High
42101029200,109.9,7.974,0.044107519684930485,High
42101029300,69.3,18.701,0.16404601814936162,Medium
42101029400,67.1,10.784,0.09769930104774892,High
42101029800,87.7,4.658,0.03228746798459795,High
42101029900,78.8,4.981,0.03842593306898307,High
42101030000,74.1,5.909,0.04847634634868678,High
42101030100,116.3,15.944,0.08333964931904962,High
42101030200,132,26.343,0.12131804365846918,Medium
42101030501,97.7,4.182,0.026020974822124676,High
42101030502,116.7,5.199,0.02708214500589931,High
42101030600,149.9,10.533,0.04271540702920488,High
42101030700,152.9,17.991,0.07152896086004917,High
42101030800,168.7,6.412,0.023105348787347553,High
42101030900,154.2,17.156,0.06763410720691952,High
42101031000,164.7,5.619,0.02073955963038628,High
42101031101,124.4,8.005,0.03911785689852325,High
42101031102,114.6,6.891,0.03655373255462372,High
42101031200,125.7,10.803,0.05224481505393505,High
42101031300,122,11.224,0.05592705167173253,High
42101031401,120.7,12.195,0.06141983314152751,High
42101031402,129,5.214,0.02457058033505337,High
42101031501,146.2,6.75,0.028066644767753716,High
42101031502,141.1,4.722,0.020343846331149742,High
42101031600,133.7,9.337,0.04245316261739184,High
42101031700,115,7.101,0.03753667239328664,High
42101031800,125.4,9.905,0.048016559774678474,High
42101031900,114,6.017,0.03208553298138965,High
42101032000,111.4,2.601,0.0141934920574288,High
42101032100,109.6,16.42,0.091074479178222,High
42101032300,102.2,10.265,0.06105794110124376,High
42101032500,113,8.165,0.04392500739704655,High
42101032600,125.9,6.717,0.03243274562964286,High
42101032900,127.2,15.339,0.07330676148420026,High
42101033000,112,3.999,0.02170538428137212,High
42101033101,150.5,5.498,0.022207636146987248,High
42101033102,143.9,9.385,0.03964674894546407,High
42101033200,191.8,6.57,0.020823362735372143,High
42101033300,199,9.246,0.028244566296528235,High
42101033400,172.8,9.675,0.03403622087132725,High
42101033500,171.5,7.957,0.028204560156672307,High
42101033600,188.7,5.655,0.018217752886088307,High
42101033701,172,7.467,0.026390754223510282,High
42101033702,179.4,8.054,0.027291240982267807,High
42101033800,179.1,9.72,0.03299170625162286,High
42101033900,190.7,8.902,0.028377294976275218,High
42101034000,215.6,10.248,0.028895117041013694,High
42101034100,216.7,9.969,0.02796577005454854,High
42101034200,224.5,5.076,0.013744829780464523,High
42101034400,249.3,13.942,0.03399671054636874,High
42101034501,226.2,21.152,0.05684508692579126,High
42101034502,175.7,19.617,0.06787266911511575,High
42101034600,153.2,15.96,0.06332981501027722,High
42101034701,197.9,10.95,0.03363585120973873,High
42101034702,213.6,9.425,0.026823423608027964,High
42101034801,164.2,5.187,0.019203358644102938,High
42101034802,192.5,15.36,0.04850590139343938,High
42101034803,192.9,4.354,0.013721143134464996,High
42101034900,157.8,9.768,0.03762987275648064,High
42101035100,161.3,5.456,0.020562413671593078,High
42101035200,228.9,15.094,0.040085993405755825,High
42101035301,187.5,3.638,0.011794934143870315,High
42101035302,190.6,6.628,0.0211394508463116,High
42101035500,224.6,7.371,0.01995036092533298,High
42101035601,251.7,17.515,0.04230201197208527,High
42101035602,271.7,16.956,0.037937426515254065,High
42101035701,198.2,20.257,0.062130604007496044,High
42101035702,205.1,17.634,0.05226600116482582,High
42101035800,237.2,10.265,0.02630742656217164,High
42101035900,234.7,13.51,0.03499261166359953,High
42101036000,242.5,18.164,0.04553379500517031,High
42101036100,191.7,5.36,0.016997176122138663,High
42101036201,190.4,3.639,0.011618477178105284,High
42101036202,207.2,9.517,0.027921864548004365,High
42101036203,207.7,7.079,0.02071903449709,High
42101036301,195.8,5.871,0.018227767928939338,High
42101036302,179.6,9.066,0.030686226061291223,High
42101036303,196.9,4.958,0.015307169948796003,High
42101036400,324.1,20.484,0.03842110347194804,High
42101036501,263.9,19.157,0.044128809038147684,High
42101036502,243.2,7.365,0.018409554471284596,High
42101036600,349.2,43.602,0.07590428143180938,High
42101036700,390.4,30.686,0.047782027006826454,High
42101036900,NA,NA,NA,NA
42101037200,214.2,11.431,0.03244134533245922,High
42101037300,347.8,17.504,0.030594391843825976,High
42101037500,275.5,31.348,0.069170725787322307,High
42101037600,305.6,50.982,0.10141393083912856,High
42101037700,151.1,29.408,0.11831372367582009,High
42101037800,208.7,39.621,0.11540830994592376,High
42101037900,148.2,18.763,0.0769640960010501,High
42101038000,100.1,8.132,0.04938526519073631,High
42101038100,76,9.157,0.07324428091505358,High
42101038200,103.8,9.629,0.056392056269070165,High
42101038300,63.3,7.643,0.07339969364775253,High
42101038400,284.9,8.894,0.018977490102110164,High
42101038500,597.7,83.407,0.08483075701028206,High
42101038600,804.1,84.526,0.06390198560644175,High
42101038700,448.5,34.156,0.04629548681352567,High
42101038800,278.5,22.006,0.04803413859527539,High
42101038900,175.8,18.303,0.06329035135948213,High
42101039000,106.5,8.076,0.046097863778415175,High
42101980000,302.9,95.06,0.19077990770073688,Medium
42101980100,241.3,38.598,0.09723924487042701,High
42101980200,315.8,83.472,0.1606803582737718,Medium
42101980300,NA,NA,NA,NA
42101980400,NA,NA,NA,NA
42101980500,NA,NA,NA,NA
42101980600,NA,NA,NA,NA
42101980700,NA,NA,NA,NA
42101980800,NA,NA,NA,NA
42101980900,NA,NA,NA,NA
42101989100,NA,NA,NA,NA
