GEOID,hous_d,li_d,nw_d,tot199_d,totnw_d,univ_d
34005700102,192,0.25082995204721503,0.1665443873807777,680,454,2711
34005700103,159.7,0.22871946706143598,0.25684678016284235,618,694,2702
34005700104,163.7,0.3094218415417559,0.6102783725910065,578,1140,1868
34005700200,283.6,0.1493604213694507,0.10293040293040293,397,281,2658
34005700303,250.9,0.19450072358900145,0.25846153846153846,672,924,3455
34005700304,226,0.2595419847328244,0.118562874251497,646,297,2489
34005700305,278.3,0.10153846153846154,0.1221710778672804,528,637,5200
34005700306,254.5,0.05766920304365238,0.09188973232121454,144,230,2497
34005700307,298.3,0.07616257781032588,0.07067008421823508,208,193,2731
34005700401,197.6,0.187,0.101,374,202,2000
34005700402,182.5,0.14031033344338065,0.09990485252140818,425,315,3029
34005700403,180.8,0.2109304426377597,0.11440953412784399,934,528,4428
34005700405,184.1,0.21378567582121702,0.12116316639741519,397,225,1857
34005700407,112.6,0.3764308500656784,0.5595796584725089,2006,2982,5329
34005700408,109.6,0.20192307692307693,0.5740181268882175,399,1140,1976
34005700501,349.9,0.07814520598559024,0.1628162816281628,423,888,5413
34005700502,357.2,0.19782214156079855,0.07510058113544926,436,168,2204
34005700503,570.1,0.06280193236714976,0.2200751476113795,234,820,3726
34005700504,396.5,0.05728257073000349,0.07266775777414075,164,222,2863
34005700505,673.4,0.03618310333221138,0.2563976377952756,215,1563,5942
34005700602,234.8,0.18880534670008353,0.20367585630743526,1130,1219,5985
34005700603,235.4,0.19068219633943428,0.21500578416790614,1146,1301,6010
34005700605,264.3,0.08450404427415922,0.1575037147102526,397,742,4698
34005700701,171.9,0.21104597346497994,0.2972060178077986,684,968,3241
34005700702,164.6,0.20803212851405622,0.29846032372680614,518,756,2490
34005700703,160.8,0.4561725562184488,0.3230839834786599,994,704,2179
34005700800,230.9,0.13966480446927373,0.24095047745947146,625,1085,4475
34005700900,146.6,0.4011904761904762,0.41785714285714287,1011,1053,2520
34005701001,119.8,0.3602409638554217,0.4844844844844845,1794,2420,4980
34005701002,197.9,0.23396424815983174,0.46976866456361727,890,1787,3804
34005701102,269,0.07243121841661988,0.5060347887823926,387,2851,5343
34005701103,297.8,0.1383240911891559,0.5081638940234134,898,3299,6492
34005701104,237,0.207010582010582,0.5103615520282186,939,2315,4536
34005701105,244.6,0.1311590391022269,0.5430507354156338,748,3286,5703
34005701201,166.8,0.1509560550150956,0.5252324037184595,450,1582,2981
34005701203,150.2,0.20808678500986194,0.34664694280078895,422,703,2028
34005701204,134.4,0.5834724540901502,0.7953795379537953,1398,1928,2396
34005701205,154.8,0.34289329396878954,0.364403205398566,813,864,2371
34005701301,172.6,0.24849565411187877,0.2575523704520397,1115,1168,4487
34005701302,162.2,0.12122342409548675,0.12756434166355837,325,342,2681
34005701303,289.2,0.09132841328413284,0.34923558666421073,495,1896,5420
34005701401,354.1,0.048742626513505125,0.31853461657870225,314,2052,6442
34005701402,195.3,0.09095149253731344,0.12686567164179105,195,272,2144
34005701502,251.8,0.19077306733167082,0.226231956197113,765,909,4010
34005701700,218.7,0.20015801948907033,0.22520661157024793,760,872,3797
34005702101,NA,0.30139174081679215,0.4719562243502052,1321,2070,4383
34005702203,168.2,0.19144013880855987,0.5876229034123771,662,2032,3458
34005702204,185.1,0.40325670498084293,0.5002119542178889,842,1180,2088
34005702206,159.5,0.25806451612903225,0.272238514173998,528,557,2046
34005702207,90.4,0.3286871961102107,0.42171799027552676,1014,1301,3085
34005702208,189.7,0.23319048322742722,0.3428402541746712,1578,2320,6767
34005702209,171.6,0.4379493591747421,0.3431860609831985,1401,1103,3199
34005702210,160.4,0.21206096752816433,0.4597751818382191,960,2086,4527
34005702300,239.2,0.28422515635858236,0.4586518415566366,409,660,1439
34005702400,363.4,0.11509715994020926,0.185949177877429,385,622,3345
34005702500,265.1,0.15032345931222335,0.39363651507579545,883,2363,5874
34005702601,206.9,0.0916607606898181,0.3023860146468226,388,1280,4233
34005702603,142.1,0.4422815753734722,0.42135697764070934,977,1093,2209
34005702700,237.9,0.08934707903780069,0.44856815578465065,780,3916,8730
34005702801,173.2,0.18548387096774194,0.8918406072106262,391,1880,2108
34005702802,163.9,0.3387191539365452,0.8595769682726204,1153,2926,3404
34005702803,161.3,0.14545934530095037,0.8676085818942961,551,3316,3788
34005702804,161.3,0.16547619047619047,0.8478260869565217,417,2145,2520
34005702805,164.6,0.2411674347158218,0.8236177132849637,942,3292,3906
34005702806,141.4,0.19580226456779895,0.8192837465564738,709,2974,3621
34005702807,148.8,0.23803604723430702,0.9017094017094017,766,2954,3218
34005702808,144.9,0.2736745326386761,0.8228623965675759,893,2685,3263
34005702809,111.7,0.2778335005015045,0.8410230692076228,554,1677,1994
34005702810,239,0.08171521035598706,0.9085760517799353,101,1123,1236
34005702811,194.9,0.15511982570806102,0.9116117850953206,356,2104,2295
34005702905,310.5,0.09804866297277764,0.18809980806142035,407,784,4151
34005702906,263.2,0.11579509071504802,0.1360078277886497,217,278,1874
34005702907,276.1,0.11443337024732374,0.12698412698412698,310,344,2709
34005702908,286.4,0.10241545893719807,0.16333894635554486,424,679,4140
34005702909,272.9,0.0835875533862111,0.3055936595031245,548,2005,6556
34005702910,457.1,0.12554194156456172,0.23355325164938737,666,1239,5305
34005702913,153.8,0.20475589225589225,0.3514309764309764,973,1670,4752
34005702914,307.6,0.16763814408953137,0.20750757752389834,719,890,4289
34005702915,225.6,0.1562057574327513,0.3671691003297221,662,1559,4238
34005702917,270.9,0.08410704533042053,0.23014586709886548,154,426,1831
34005702918,202.9,0.05253940455341506,0.37769994162288384,90,647,1713
34005703000,278.8,0.1301814549692026,0.2045043564030906,782,1244,6007
34005703102,506.4,0.04595997034840623,0.18458117123795403,124,498,2698
34005703103,219.1,0.22954005614338155,0.39670120532882214,1063,1876,4631
34005703104,278.8,0.16394813885403597,0.2808785009067096,784,1394,4782
34005703201,251.8,0.19994646680942185,0.09502141327623126,747,355,3736
34005703202,355.2,0.1830708661417323,0.09855862874951304,465,253,2540
34005703203,159.5,0.19592042306723748,0.0972047343238479,778,386,3971
34005703600,280.2,0.10613958876339415,0.07601156069364162,733,526,6906
34005703700,299,0.12369690368756807,0.08253477588871716,795,534,6427
34005703801,373.6,0.0985813549507817,0.08520693111843047,681,595,6908
34005703802,322.4,0.116943359375,0.137451171875,479,563,4096
34005703803,313.5,0.08331627430910953,0.08838786911412609,407,443,4885
34005703804,382,0.039658496282015974,0.10245111539520793,288,744,7262
34005703900,291.4,0.04515337423312883,0.044171779141104296,184,180,4075
34005704004,244,0.1066147859922179,0.21011673151750973,411,810,3855
34005704005,261,0.11802355350742448,0.1264720942140297,461,494,3906
34005704006,215.7,0.170797656602073,0.2897701667417756,379,643,2219
34005704007,243.4,0.11727547377094205,0.10131926121372031,427,384,3641
34005704008,326.9,0.12295081967213115,0.1512667660208644,660,812,5368
34005704009,239.2,0.1289902280130293,0.18566775244299674,594,855,4605
34005704011,391.7,0.0818035426731079,0.1037037037037037,254,322,3105
34005704012,222.8,0.08242064228698719,0.1330249768732655,444,719,5387
34005704013,288.3,0.07651109410864575,0.19701606732976282,400,1030,5228
34005704014,340.6,0.10676426047450782,0.22752247752247753,846,1822,7924
34005704200,291.6,0.09987849331713244,0.3297499415751344,822,2822,8230
34005704302,428,0.060871027408777534,0.3035143769968051,362,1805,5947
34005704500,251.6,0.249234693877551,0.3436224489795918,977,1347,3920
34005704600,174.6,0.4504065040650406,0.574750830564784,1108,1557,2460
34005704700,244,0.23066182630550125,0.12489862124898621,826,462,3581
34005704801,233,0.3321727019498607,0.453971119133574,954,1509,2872
34005704802,NA,0.21348314606741572,0.6170290517083866,152,3377,712
34005981802,NA,0,0.7855002995805872,0,1311,41
34005982111,NA,0.4215456674473068,0.4114737883283877,180,416,427
34007600200,61.6,0.5446853516657852,0.973030142781597,1030,1840,1891
34007600400,58.9,0.8273328434974284,0.9596216806111313,2252,2638,2722
34007600700,88.8,0.6938519447929736,0.9127979924717692,1106,1455,1594
34007600800,84.5,0.7769088289771557,0.97,3775,4947,4859
34007600900,88.6,0.7719465648854962,0.9214572983203217,3236,3895,4192
34007601000,106.4,0.5041436464088398,0.9509907729541673,3285,6287,6516
34007601101,88.3,0.6312916919345057,0.950196196800483,2082,3148,3298
34007601102,97.5,0.5743892165122156,0.9691659646166807,3409,5752,5935
34007601200,85.1,0.5399328859060403,0.9461409395973155,3218,5639,5960
34007601300,91.4,0.700556765916243,0.9588516746411483,2894,4008,4131
34007601400,83.6,0.617786391042205,0.9506890611541774,2869,4415,4644
34007601500,73.6,0.627623919562533,0.9597981204316046,3558,5515,5669
34007601600,61.5,0.7791666666666667,0.970961145194274,1870,2374,2400
34007601700,73.5,0.802860696517413,0.994092039800995,2582,3197,3216
34007601800,63.5,0.866577718478986,0.902,1299,1353,1499
34007601900,75.4,0.6806429070580013,0.9951083158630328,1948,2848,2862
34007602000,69.6,0.662449234614183,0.887066541705717,4241,5679,6402
34007602503,140.2,0.19486404833836857,0.7926737160120846,516,2099,2648
34007602601,167.5,0.18827045199850578,0.5426125790844808,504,1458,2677
34007602602,164.7,0.36012104909213183,0.8295225285810356,1071,2467,2974
34007602901,180.2,0.17068361086765996,0.41278816876903,779,1898,4564
34007602902,173.4,0.32774566473988437,0.5156069364161849,1134,1784,3460
34007603001,166.1,0.1840572033898305,0.4314088983050847,695,1629,3776
34007603002,142.5,0.3475595913734393,0.8042543561891831,1531,3554,4405
34007603100,213.9,0.16901034757230035,0.45317060228177236,637,1708,3769
34007603200,199.7,0.17521109770808202,0.31513903192584963,1162,2142,6632
34007603301,238.2,0.20650500384911472,0.42671009771986973,1073,2227,5196
34007603302,246.9,0.18131142731406777,0.2998535871156662,1236,2048,6817
34007603303,234.6,0.3951089033244173,0.2968863142650253,1034,820,2617
34007603400,225.2,0.17458100558659218,0.40852819807427787,1250,2970,7160
34007603501,334.3,0.10618606916707257,0.3681229773462783,654,2275,6159
34007603503,362.1,0.05405996935872182,0.17190913062472696,247,787,4569
34007603504,272.2,0.049162011173184354,0.22271880819366852,132,598,2685
34007603505,229,0.06705035971223021,0.3087729357798165,233,1077,3475
34007603506,298.2,0.041883062489529235,0.28695506931685316,250,1718,5969
34007603507,347.8,0.08176382660687594,0.3071800810654314,547,2122,6690
34007603601,215,0.14539434075857918,0.17274526434831777,483,611,3322
34007603602,351.1,0.10833653476757588,0.1244717633499808,282,324,2603
34007603603,287.9,0.09930008748906387,0.13519406890536415,227,310,2286
34007603700,217.6,0.23557213930348259,0.3031718711581018,947,1233,4020
34007603800,275.2,0.10658841347974252,0.10597876699571615,563,569,5282
34007603901,280.2,0.12086797809774893,0.06469276008923139,596,319,4931
34007603902,199.9,0.1421952957947256,0.10192444761225944,399,286,2806
34007604100,99.9,0.5174753987105531,0.8850847457627119,1525,2611,2947
34007604200,249.8,0.140625,0.2656626506024096,459,882,3264
34007604300,244.9,0.13516339869281047,0.09751633986928104,517,373,3825
34007604400,279,0.15456401283172938,0.17402672864613597,530,599,3429
34007604600,185.5,0.25489212242849973,0.17878486055776893,508,359,1993
34007604700,182.1,0.1584207896051974,0.038980509745127435,317,78,2001
34007605100,147.1,0.22257479601087943,0.042043399638336344,491,93,2206
34007605200,153.2,0.3345120226308345,0.1934229137199434,946,547,2828
34007605300,137.8,0.2809667673716012,0.1719840478564307,558,345,1986
34007605400,156.1,0.2979214780600462,0.04311008468052348,774,112,2598
34007605602,219.3,0.18184919822586149,0.08870692596383487,533,260,2931
34007605700,206.3,0.13017925359976493,0.06866453302298516,443,236,3403
34007605800,249.9,0.1144082946013586,0.06006435466571326,320,168,2797
34007605900,291.3,0.06862745098039216,0.08360477741585233,189,231,2754
34007606000,336.9,0.15851172273190622,0.03959390862944162,311,78,1962
34007606100,518.4,0.056078959174517724,0.08344549125168237,125,186,2229
34007606200,405.1,0.06585559375826501,0.0833112933086485,249,315,3781
34007606300,465.7,0.11004983388704319,0.08845514950166113,265,213,2408
34007606400,686.1,0.033178500331785,0.1028533510285335,100,310,3014
34007606500,161.5,0.3061855670103093,0.957147754542338,891,2792,2910
34007606600,233,0.16397228637413394,0.05570776255707763,355,122,2165
34007606700,188.8,0.19300575475874282,0.10409002380437135,872,481,4518
34007606800,183.5,0.284524449220849,0.2861364857603439,1059,1065,3722
34007607000,148.4,0.37992831541218636,0.19690860215053763,1696,879,4464
34007607100,165.8,0.22496644295302012,0.13691275167785236,838,510,3725
34007607200,170.4,0.371717606543263,0.37141020145735104,1727,1733,4646
34007607300,154.6,0.2647610121836926,0.2948955916473318,1130,1271,4268
34007607401,167.7,0.2403495994173343,0.36951833213515456,660,1028,2746
34007607402,164,0.1700189753320683,0.47703984819734346,448,1257,2635
34007607502,310.6,0.14330646746609002,0.2836059743954481,729,1595,5087
34007607503,321.2,0.09453302961275627,0.3400396281054717,581,2231,6146
34007607504,383.9,0.0467869222096956,0.2077226606538895,166,737,3548
34007607505,347.8,0.11714165968147527,0.2730125523012552,559,1305,4772
34007607506,140.3,0.15587808417997098,0.5933333333333334,537,2047,3445
34007607507,204.5,0.26133629465111974,0.4849714180342984,1412,2630,5403
34007607600,199.3,0.1427260211106012,0.0961978928080623,311,210,2179
34007607701,118.7,0.5603726262988177,0.8059835184521676,3128,4499,5582
34007607702,132.1,0.28313253012048195,0.50600764609503,1034,1853,3652
34007607801,114.2,0.5428334714167357,0.7030654515327258,3276,4243,6035
34007607802,122.1,0.259763851044505,0.3510445049954587,572,773,2202
34007607900,175.5,0.12952281069743052,0.11006781429316641,247,211,1907
34007608001,159.8,0.22557262974775297,0.3227022325311685,778,1113,3449
34007608202,193.4,0.09621993127147767,0.23341263547449115,364,883,3783
34007608205,228.9,0.1272682687591957,0.07782672540381791,519,318,4078
34007608206,188.4,0.1636064675253494,0.17983055479639246,597,658,3649
34007608209,226.5,0.23518575376112988,0.29996929689898677,766,977,3257
34007608210,215.9,0.4365979381443299,0.46895130121102807,1694,1820,3880
34007608211,163.4,0.21614844533600802,0.5315947843530592,1293,3180,5982
34007608302,171.7,0.36690017513134854,0.26379159369527144,1676,1205,4568
34007608303,196.8,0.26079506511309114,0.12508567511994517,761,365,2918
34007608304,183.9,0.22278990555813594,0.24322650565102957,1439,1571,6459
34007608401,185.1,0.229607250755287,0.22359940505701537,912,902,3972
34007608402,250.8,0.17920242301867745,0.24634023220595658,710,976,3962
34007608403,231,0.14224992915840182,0.4624539529611788,1004,3264,7058
34007608404,208.7,0.2015025041736227,0.337866976281307,1207,2037,5990
34007608503,124.5,0.3698245614035088,0.4770034843205575,1054,1369,2850
34007608504,132.7,0.4396933058094957,0.5691536419935123,1491,1930,3391
34007608600,128.6,0.4099227328182188,0.4234745590918305,2016,2089,4918
34007608700,232.3,0.17568111662864044,0.16749868628481346,1309,1275,7451
34007608800,177.9,0.2504136789851076,0.2308820832569228,1362,1259,5439
34007608901,180.7,0.18400802944128472,0.20343218927024326,1100,1221,5978
34007608903,213.8,0.05921250375713856,0.08325819056206793,197,277,3327
34007608904,213.8,0.2084507042253521,0.06408450704225352,296,91,1420
34007609000,160.3,0.3331303288672351,0.6387370977534912,547,1052,1642
34007609103,179.5,0.19889922186373127,0.36409490005604334,1048,1949,5269
34007609201,165.1,0.21415313225058005,0.495512082853855,923,2153,4310
34007609202,155.2,0.2124922183025524,0.8249123530624871,1024,4000,4819
34007609203,222.7,0.1969087444420919,0.5567249000210482,1860,5290,9446
34007609204,114.3,0.4506201194304088,0.8990615701533532,1962,3928,4354
34007609205,218.1,0.12613057062983063,0.3254670599803343,767,1986,6081
34007610300,131.6,0.521875,0.7709054923305294,835,1558,1600
34007610400,91.7,0.7167677881963597,0.8791230112533954,2599,4531,3626
34007610500,153.5,0.26463899943149516,0.8751586965721541,1862,6204,7036
34007610600,NA,0.3236397748592871,0.4895498392282958,345,609,1066
34007610800,120.3,0.5040431266846361,0.6913746630727763,1496,2052,2968
34007610900,190.4,0.1576725957190232,0.04670081349804158,523,155,3317
34007611000,89.9,0.361003861003861,0.33116160813602413,2244,2084,6216
34007611100,164.1,0.41383495145631066,0.30188106796116504,1364,995,3296
34007611200,188.1,0.16501498041023277,0.1392462198149402,716,617,4339
34007611300,175.4,0.35185185185185186,0.13262964662689308,1406,578,3996
34007611400,143.5,0.22253521126760564,0.1903755868544601,948,811,4260
34007611500,195.2,0.19087719298245615,0.18678340629560142,816,896,4275
34007611600,229,0.32715404699738904,0.3514360313315927,1253,1346,3830
34007611700,168.5,0.14581312641448432,0.1054498548855208,451,327,3093
34015500100,158,0.2697134738337675,0.1607861709685058,1139,679,4223
34015500201,179,0.20049403046521203,0.09427748044462742,487,229,2429
34015500202,187.8,0.23199461521202602,0.15054969710567648,1034,671,4457
34015500203,201.8,0.1698198198198198,0.0877665544332211,754,391,4440
34015500204,302.8,0.09335197266231748,0.2906711307259169,601,1910,6438
34015500205,212.1,0.21449359720605354,0.08469150174621654,737,291,3436
34015500300,151.1,0.27929753461668355,0.08839226150767178,827,265,2961
34015500400,113.6,0.43484087102177554,0.29346733668341707,2596,1752,5970
34015500500,180.9,0.1792336217552534,0.06829870397037646,870,332,4854
34015500600,305.6,0.08213411649534998,0.18468992248062016,839,1906,10215
34015500701,180.9,0.1814997405293202,0.08977685521536066,1399,692,7708
34015500702,245,0.06829268292682927,0.07398373983739838,420,455,6150
34015500703,302.7,0.15654952076677317,0.0902555910543131,196,113,1252
34015500800,272.8,0.09940720474236206,0.08572731418148655,218,188,2193
34015500900,203.8,0.15451505016722408,0.09242021276595745,462,278,2990
34015501001,148.9,0.15488867376573087,0.2765957446808511,320,572,2066
34015501002,184.7,0.47334602570204665,0.6027332704995287,1989,2558,4202
34015501003,167.5,0.2891137855579869,0.33478735005452565,1057,1228,3656
34015501101,153.9,0.3508102955195424,0.38659554730983303,1472,1667,4196
34015501102,222.9,0.11086637298091043,0.3378674857393594,755,2310,6810
34015501103,217.9,0.16791120080726538,0.19887278582930756,832,988,4955
34015501104,189.6,0.167718365991365,0.2698315467075038,505,881,3011
34015501105,160.4,0.15024288688410825,0.2366412213740458,433,682,2882
34015501106,202.2,0.17676370312090217,0.43438453713123093,674,1708,3813
34015501107,165.8,0.2190366972477064,0.11307339449541284,955,493,4360
34015501201,279.9,0.05249054224464061,0.14470365699873897,333,918,6344
34015501202,261.8,0.07934828607702074,0.10071942446043165,375,476,4726
34015501203,197,0.10383386581469649,0.03769968051118211,325,118,3130
34015501204,208.3,0.12234471632159183,0.06741573033707865,455,252,3719
34015501205,275.9,0.19004688063469166,0.17958889289578076,527,498,2773
34015501206,232.7,0.17237507018528916,0.20408712019360042,614,759,3562
34015501208,223.3,0.08980827447023208,0.107,356,428,3964
34015501209,277.7,0.19507575757575757,0.25533351336753984,1442,1891,7392
34015501210,235.3,0.08862175006989097,0.042773273693038856,317,153,3577
34015501212,159.1,0.11695137976346912,0.2588449531737773,445,995,3805
34015501213,260.1,0.0962566844919786,0.20526532291238173,468,998,4862
34015501301,197.9,0.17075232459847844,0.10960834037757115,606,389,3549
34015501302,151.4,0.18633093525179856,0.08237410071942446,518,229,2780
34015501303,202,0.15096618357487923,0.1321861556511537,375,338,2484
34015501402,163.8,0.5415625,0.3979591836734694,1733,1365,3200
34015501403,195.6,0.2097787489756897,0.2706971677559913,768,994,3661
34015501404,178,0.478134110787172,0.28376125375125044,492,851,1029
34015501405,206,0.18537452767281618,0.300730250055322,834,1359,4499
34015501406,192.6,0.40927207887560313,0.47010698552548774,1951,2241,4767
34015501500,185.9,0.29636643389750267,0.2861356932153392,2504,2425,8449
34015501603,167.4,0.22725091955861187,0.1704781704781705,1421,1066,6253
34015501604,216.3,0.2740272239791008,0.22739504843918193,1993,1690,7273
34015501605,165.3,0.21318090114324142,0.26027996500437445,951,1190,4461
34015501606,206.1,0.21272448837533064,0.28056872037914693,1528,2072,7183
34015501608,155.6,0.22431668237511782,0.25070688030160226,1190,1330,5305
34015501609,308.5,0.06849079332300809,0.3623113854595336,398,2113,5811
34015501701,218.9,0.12766747077379847,0.15317651416929062,688,827,5389
34015501702,206.4,0.17693836978131214,0.0831013916500994,445,209,2515
34015501703,189.3,0.2317544707588207,0.18825519574673755,959,779,4138
34015501704,184.3,0.32273028495692513,0.25115970841616964,1461,1137,4527
34015501800,195.9,0.1968019680196802,0.11869618696186962,320,193,1626
34015501900,235.2,0.27137637028014616,0.1916080523890371,1114,790,4105
34015502001,357.3,0.04129294296835336,0.061431714334066675,244,363,5909
34015502002,323.7,0.06207885304659498,0.09620071684587814,433,671,6975
34015502100,353.5,0.058712715855573,0.08181818181818182,187,261,3185
34015502200,330.4,0.08447225424007904,0.2363621426224121,1026,2877,12146
34015502300,200.9,0.29781525488692984,0.3572249904177846,777,932,2609
34015502400,202.1,0.08884401817264008,0.232429718875502,528,1389,5943
34021000100,95,0.5683407501589319,0.8115066751430388,1788,2553,3146
34021000200,79.2,0.6267036850075719,0.8245787908820614,2483,3328,3962
34021000300,102.6,0.4884205650764243,0.7524316813339509,2109,3249,4318
34021000400,74.7,0.5831592143752612,0.8879166666666667,2791,4262,4786
34021000500,90.2,0.6084135621598995,0.8639598158225199,2907,4128,4778
34021000600,105.3,0.392602495543672,0.8551693404634582,1762,3838,4488
34021000700,77.9,0.41968430826369546,0.8286594761171032,1356,2689,3231
34021000800,89.5,0.6972947761194029,0.9279112754158965,1495,2008,2144
34021000900,150,0.5936277249860257,0.885485651214128,2124,3209,3578
34021001000,69.8,0.67474171713573206,0.9058862653807782,1894,2724,2807
34021001101,126.6,0.5407114624505929,0.9727272727272728,1368,2461,2530
34021001102,73.7,0.7151265450264862,0.9720022624434389,2430,3437,3398
34021001200,163,0.3567527308838133,0.8016732283464567,1437,3258,4028
34021001300,209.5,0.2956730769230769,0.7596004439511653,984,3422,3328
34021001401,87,0.6429590865842055,0.9783539486203615,2703,4113,4204
34021001402,81.5,0.541645633518425,1,1073,1981,1981
34021001500,128.5,0.6781933662667607,0.9216949152542373,1922,2719,2834
34021001600,93.7,0.4387931034482759,0.9614740368509213,509,1148,1160
34021001700,73.1,0.6258720930232559,0.9738372093023255,2153,3350,3440
34021001800,83.7,0.481237322515213,0.5979294316501162,1898,2830,3944
34021001900,78.7,0.8290704928259514,0.982532751091703,1329,1575,1603
34021002000,75.6,0.7009841029523088,0.8410295230885693,926,1111,1321
34021002100,88.1,0.49825997952917095,0.9053038000406421,2434,4455,4885
34021002200,87.1,0.49078171091445427,0.9596256193797027,2662,5229,5424
34021002400,NA,NaN,0.8542168674698796,0,709,0
34021002500,173.7,0.3322039119051286,0.44155244109040503,2157,2867,6493
34021002601,155.3,0.42721028140926215,0.787502769776202,1928,3554,4513
34021002602,189.5,0.3298285714285714,0.48754285714285717,1443,2133,4375
34021002701,172.6,0.38078703703703703,0.5431671283471837,1645,2353,4320
34021002702,223.5,0.43407900999524035,0.3801364429636681,2736,2396,6303
34021002800,167.8,0.3542834267413931,0.8366693354683747,2655,6270,7494
34021002902,229.7,0.2524084778420039,0.48653270628473705,1179,2276,4671
34021002903,257.8,0.22825040128410914,0.2186195826645265,711,681,3115
34021002904,294.5,0.1572169901979627,0.20488179896213723,818,1066,5203
34021003001,347.7,0.06870360780252029,0.07572882525444195,398,439,5793
34021003002,322.4,0.0343980343980344,0.19810971089696072,182,1069,5291
34021003003,244.6,0.1068905980222885,0.14864228535551718,681,947,6371
34021003004,266.9,0.10944328329849895,0.23822188449848025,576,1254,5263
34021003006,292.6,0.04095972579263068,0.16795201371036847,239,980,5835
34021003007,257.2,0.09580318379160636,0.07670043415340087,331,265,3455
34021003008,283.2,0.10071942446043165,0.20416979714500375,504,1087,5004
34021003009,209.9,0.17988505747126438,0.2894636744009129,939,1522,5220
34021003100,222.7,0.2214621633176571,0.4439931594698589,1036,2077,4678
34021003201,267.7,0.21914609739826552,0.3531073446327684,1314,2750,5996
34021003202,310,0.1676300578034682,0.31810911675848585,928,1790,5536
34021003301,377.7,0.09456555112066319,0.16741621935296677,616,1154,6514
34021003302,416.3,0.07504215851602024,0.5850397494579619,623,4857,8302
34021003400,147.9,0.27040395713107995,0.7697160883280757,656,1952,2426
34021003500,191.7,0.2976882923191648,0.5117900044490583,1996,3451,6705
34021003601,211.5,0.25746835443037974,0.7136708860759494,1017,2819,3950
34021003602,183.9,0.29642058165548096,0.4180145008365867,1060,1499,3576
34021003703,233.8,0.2197227308396547,0.31554686408716304,840,2259,3823
34021003704,277.3,0.15688405797101448,0.2665237584851733,433,746,2760
34021003705,215.7,0.14816763107136594,0.32072421597154865,845,1984,5703
34021003706,314.6,0.1411730879815986,0.30276020701552614,491,1053,3478
34021003800,396.8,0.0706049822064057,0.21066387872451647,496,1612,7025
34021003902,423.6,0.0945602440264362,0.09919028340080972,186,196,1967
34021003903,562.5,0.09455808568120416,0.09340023157082207,245,242,2591
34021003904,416.5,0.054573536983010124,0.26823408271837995,318,1563,5827
34021003905,593.3,0.03211009174311927,0.09195859872611464,161,462,5014
34021004000,624.3,0.22242278379462496,0.3214419827262486,1109,1712,4986
34021004201,721.3,0.09069616135328562,0.2965481842679328,697,2311,7685
34021004203,1029,0.15240833932422718,0.3877306494128924,636,1618,4173
34021004204,960.9,0.1393266475644699,0.3415114613180516,778,1907,5584
34021004301,480,0.10343254647052115,0.6468249460411224,907,5694,8769
34021004304,640,0.043833580980683504,0.5284673335803384,354,4279,8076
34021004306,638.2,0.036209691947396865,0.5468040516940272,201,3131,5551
34021004307,602.8,0.07028076990994173,0.41515098004591205,398,2351,5663
34021004309,456.1,0.10599178022928835,0.14211550940947437,490,657,4623
34021004310,372.4,0.07341064402567819,0.2993373369227583,709,2891,9658
34021004403,274.2,0.26235882244028885,0.4888728062239913,1417,2702,5401
34021004404,210.9,0.21426592797783933,0.5682130112544607,1547,4140,7220
34021004405,401.6,0.1997109130330041,0.5543998087039694,1658,4637,8302
34021004406,295.4,0.26602631029442475,0.5228648987262476,1274,2504,4789
34021004407,342.9,0.2511129660545353,0.4483139856274185,1805,3244,7188
34021004501,822.9,0.08186101295641932,0.344483123959437,139,2276,1698
34021004502,1709.9,0.21630347054075869,0.20016142050040356,268,248,1239
42017100102,222.5,0.2953795379537954,0.30495049504950494,895,924,3030
42017100103,223.3,0.3500602167804095,0.14331593737454837,872,357,2491
42017100104,312.3,0.3953757225433526,0.523325635103926,1710,2266,4325
42017100105,255.7,0.25734355044699875,0.14814814814814814,806,472,3132
42017100201,232.8,0.22204362801377728,0.29390187987161853,967,1282,4355
42017100206,292.6,0.1644873981428842,0.34210526315789475,868,1807,5277
42017100207,267.3,0.36378937244529935,0.27093832493400527,1513,1129,4159
42017100208,232.4,0.4946148825065274,0.48198051948051945,3031,2969,6128
42017100209,287.7,0.19304893893460373,0.4040534713238465,1783,3748,9236
42017100210,240.5,0.293228051391863,0.2775695931477516,2191,2074,7472
42017100211,244.3,0.21557149129225817,0.18191086513253715,1473,1249,6833
42017100212,259.5,0.12576280180419208,0.22760800842992623,474,864,3769
42017100302,203.4,0.22208333333333333,0.10936205468102735,1066,528,4800
42017100303,191.8,0.37331622835150735,0.4815195071868583,1746,2345,4677
42017100304,187.1,0.4802348336594912,0.3432485322896282,1227,877,2555
42017100306,198.2,0.31142454160789845,0.37320169252468266,1104,1323,3545
42017100307,196.1,0.33068992862807295,0.2783810463968411,1668,1410,5044
42017100401,202.4,0.19338210841370138,0.19654140339208515,1163,1182,6014
42017100402,191.8,0.2618680857022826,0.17278139277308596,1870,1248,7141
42017100403,186.8,0.38972260118235563,0.5752614824920418,857,1265,2199
42017100404,216.4,0.2860958366064415,0.11749960833463889,1821,750,6365
42017100406,277.6,0.19722222222222222,0.1625069328896284,710,586,3600
42017100407,197.7,0.1913214990138067,0.07396449704142012,194,75,1014
42017100408,192.7,0.09911927153306464,0.10795960795960796,664,727,6699
42017100500,219.5,0.34505050505050505,0.04767676767676768,854,118,2475
42017100600,166.5,0.4298803766861797,0.3288368541613642,1689,1292,3929
42017100700,174.4,0.4744594171106236,0.4004936747917309,1514,1298,3191
42017100803,252.3,0.23903462749213011,0.24050367261280167,1139,1146,4765
42017100804,302.7,0.08844621513944223,0.10358255451713395,333,399,3765
42017100805,240.9,0.11496140581376252,0.0321891936278535,700,196,6089
42017100807,351,0.15444415651723245,0.13553201733269138,596,563,3859
42017100808,365.5,0.07942238267148015,0.10899722552516845,396,550,4986
42017100809,438.9,0.044012089157536835,0.14218455743879474,233,755,5294
42017100811,270.2,0.30199068191444306,0.40686171332351084,1426,1933,4722
42017100900,328.9,0.10829521572505872,0.13290513833992096,876,1076,8089
42017101100,260.9,0.32090643274853803,0.34202707164080554,878,1036,2736
42017101401,286.8,0.09733487833140209,0.07740440324449595,420,334,4315
42017101403,307.6,0.12038352272727272,0.05648720211827008,678,320,5632
42017101404,310.5,0.1652754590984975,0.09200666111573688,396,221,2396
42017101405,269,0.13987162263024333,0.10747872816838334,937,720,6699
42017101503,291.9,0.10555703270406806,0.040946556766817334,397,154,3761
42017101504,342.6,0.13036303630363036,0.08565891472868217,316,221,2424
42017101505,352,0.09575402635431918,0.034482758620689655,327,118,3415
42017101506,309.4,0.11868544600938967,0.010516431924882629,632,56,5325
42017101603,248.6,0.252129471890971,0.12947189097103917,888,456,3522
42017101605,273.8,0.42724768344603054,0.46205860255447034,1706,1845,3993
42017101607,282.1,0.23508314313661557,0.11517199017199017,721,375,3067
42017101609,303.9,0.14648212226066898,0.060933547942055646,635,265,4335
42017101610,305.7,0.11041666666666666,0.0848497239828256,530,415,4800
42017101611,302.9,0.06509225092250923,0.12295925871451684,441,836,6775
42017101802,469.3,0.07703303684879288,0.16223488445710668,485,1025,6296
42017101803,365.5,0.1458407924573338,0.16895571868340042,1222,1427,8379
42017101805,378.5,0.07521919704660822,0.025380710659898477,163,55,2167
42017101807,367.3,0.19189814814814815,0.300462962962963,829,1298,4320
42017101808,348.3,0.15858699736941,0.12476582989883851,422,333,2661
42017101900,328.3,0.0550098231827112,0.07741303282704556,224,316,4072
42017102002,387.2,0.09319804584742578,0.06621773288439955,248,177,2661
42017102003,359.2,0.11041718710966775,0.08816936488169365,442,354,4003
42017102004,308.9,0.13070585615675795,0.09841906034290804,587,442,4491
42017102102,352.8,0.19465304896365274,0.014118353860018024,648,47,3329
42017102104,296.9,0.14527027027027026,0.15403638933050698,817,872,5624
42017102300,309.1,0.19972018188177684,0.060526774812489095,1142,347,5718
42017102401,247.7,0.1526797385620915,0.05464052287581699,584,209,3825
42017102402,260.3,0.19166666666666668,0.06923076923076923,897,324,4680
42017102500,201.7,0.2358780430158355,0.12708872675923746,998,540,4231
42017102600,203.2,0.2785234899328859,0.14520547945205478,581,318,2086
42017102700,330.7,0.16725009723842862,0.06438746438746439,860,339,5142
42017102801,291.2,0.13695781342840166,0.04997043169722058,461,169,3366
42017103101,174.9,0.25766609880749575,0.11627906976744186,605,275,2348
42017103102,196.6,0.29433562731604024,0.2006335797254488,556,380,1889
42017103103,172.2,0.32949932341001353,0.11706263498920086,1461,542,4434
42017103300,368.2,0.11298640412564463,0.02156586966713549,241,46,2133
42017103400,371.2,0.12373184802068829,0.046248511314013495,622,233,5027
42017103700,377.3,0.13632339923281203,0.024311657879320447,462,83,3389
42017103800,341.9,0.23755458515283842,0.03668122270742358,272,42,1145
42017103900,389.6,0.1692111959287532,0.04230672374716696,665,168,3930
42017104000,397,0.11656178489702518,0.07989764003411999,815,562,6992
42017104100,311.9,0.23396044380125422,0.1446419990389236,485,301,2073
42017104201,542.3,0.1358965860125953,0.12679738562091503,410,388,3017
42017104203,420.2,0.13650446509932568,0.09676245907602765,749,532,5487
42017104204,335.7,0.17283189478010685,0.11919441019317714,841,580,4866
42017104301,723.6,0.11030534351145038,0.11221374045801527,289,294,2620
42017104303,539,0.08652422255130103,0.08588957055214724,409,406,4727
42017104304,841.8,0.03051643192488263,0.0539906103286385,39,69,1278
42017104400,530.8,0.18874700718276138,0.0742218675179569,473,186,2506
42017104502,409.9,0.07438121969890278,0.09919939954966224,583,793,7838
42017104503,489.3,0.08631232361241768,0.08043273753527752,367,342,4252
42017104505,464.2,0.06618168914123491,0.10947480482611781,373,617,5636
42017104506,633.8,0.08292079207920793,0.12087458745874588,201,293,2424
42017104601,457.5,0.03973808986227139,0.06557007661108608,176,291,4429
42017104603,487.7,0.09634098871156092,0.13996466911265118,495,1030,5138
42017104604,370.2,0.09340369393139841,0.04409448818897638,531,252,5685
42017104701,374.4,0.27386495925494764,0.11974485358074805,941,413,3436
42017104702,490.5,0.13825929283771532,0.09282030940103134,305,234,2206
42017104703,377,0.10535876475930972,0.06675224646983312,232,156,2202
42017104800,266.1,0.16873889875666073,0.1045859452325965,380,317,2252
42017104901,439.6,0.07396055437100213,0.06583155650319829,555,494,7504
42017104902,337.2,0.09760225669957687,0.0764456981664316,692,542,7090
42017105003,415.3,0.07927590511860175,0.07527101656780527,381,368,4806
42017105004,393.9,0.07306851311953352,0.11971574344023324,401,657,5488
42017105006,401.9,0.0561516452074392,0.08637339055793991,314,483,5592
42017105008,466,0.06851085832471561,0.11530506721820062,265,446,3868
42017105009,357.9,0.13222650459531574,0.06929544795592925,446,239,3373
42017105010,314.2,0.09733820459290188,0.08924843423799582,373,342,3832
42017105011,381.9,0.1320754716981132,0.14869050971557307,469,528,3551
42017105012,369.2,0.08586883029073698,0.04394861392832995,254,130,2958
42017105013,417.2,0.0656984785615491,0.0784923928077455,380,454,5784
42017105100,668.2,0.038797284190106696,0.09047005795235029,120,281,3093
42017105202,307.7,0.16489361702127658,0.06875492513790386,837,349,5076
42017105203,449.5,0.07893462469733656,0.14155031295137216,163,294,2065
42017105206,448.7,0.030810038767598448,0.15283930728956907,151,759,4901
42017105207,380.3,0.08908554572271386,0.19392156862745097,453,989,5085
42017105208,596.1,0.046974185357596274,0.20694033008887008,111,489,2363
42017105300,492.3,0.07956777996070727,0.019598236158745713,162,40,2036
42017105400,693.5,0.11590881678928959,0.15559039922807863,961,1290,8291
42017105505,449.6,0.04339250493096647,0.10281065088757396,176,417,4056
42017105506,520,0.027639442231075697,0.1825199203187251,111,733,4016
42017105507,463.2,0.0597926430904701,0.10686592415057099,421,758,7041
42017105508,618,0.11037463976945244,0.19538904899135448,383,678,3470
42017105509,466.8,0.07534246575342465,0.1367053998632946,330,600,4380
42017105510,269.3,0.07520210565895845,0.2520157509844365,400,1344,5319
42017105511,378.8,0.029411764705882353,0.16862101313320826,121,719,4114
42017105600,329.6,0.08431629532546964,0.13237221494102228,193,303,2289
42017105702,174.7,0.25867158671586715,0.21439114391143912,701,581,2710
42017105704,211.3,0.18639273485186839,0.33258895340181627,1252,2234,6717
42017105801,328.4,0.15417457305502846,0.3417481855474913,975,2166,6324
42017105805,43.3,0.27343467245747377,0.20538781413849214,1511,1136,5526
42017105807,239.2,0.28360450563204004,0.2665832290362954,1133,1065,3995
42017105808,229.9,0.10668647845468053,0.08291233283803863,359,279,3365
42017105809,233.8,0.12984218077474893,0.10808225729316116,543,452,4182
42017105810,235.6,0.19898897058823528,0.097393689986282575,433,213,2176
42017105811,225,0.15888795282224094,0.1176668347621449,943,700,5935
42017105812,223.5,0.13133940182054615,0.06024844720496894,202,97,1538
42017105900,233.6,0.2384492830589485,0.06306306306306306,449,119,1883
42017106000,287.2,0.12010697787503039,0.1068313953488372,494,441,4113
42017106100,359.1,0.19973890339425587,0.08631239935587762,459,268,2298
42017106200,320.1,0.1377154186365716,0.15572428167336608,903,1046,6557
42017106300,303.2,0.11224197247706422,0.10271041369472182,783,720,6976
42017106401,276,0.1965631196298744,0.08169200264375413,1487,618,7565
42017106402,267.1,0.15656633823727897,0.09257308401369502,1160,703,7409
42017106500,191.2,0.1713577366195129,0.12276178197965908,1175,857,6857
42017106600,313.3,0.13428120063191154,0.045813586097946286,255,87,1899
42017980000,NA,NaN,NaN,0,0,0
42029300101,478.1,0.07624345549738219,0.1573952879581152,233,481,3056
42029300103,360,0.2319449751623997,0.2598870056497175,607,690,2617
42029300104,490.5,0.07604709515537542,0.14225053078556263,394,737,5181
42029300106,318.4,0.0746524064171123,0.34502673796791444,349,1613,4675
42029300107,701.7,0.03720595295247239,0.1699471915506481,155,708,4166
42029300108,535.4,0.12481950906465586,0.3154179367880635,778,1966,6233
42029300109,689.9,0.024746906636670417,0.14566929133858267,88,518,3556
42029300201,474,0.1112855740922473,0.16181606519208383,567,834,5095
42029300202,834.6,0.04180478821362799,0.15285451197053407,227,830,5430
42029300301,387.7,0.15768660405338605,0.13470093919920909,638,545,4046
42029300302,618.1,0.04141063318193962,0.057789613848202394,155,217,3743
42029300303,335.9,0.1740495291245204,0.12557377049180327,499,383,2867
42029300400,363.3,0.2369959088252484,0.18440954043048283,811,634,3422
42029300501,529.6,0.02917657229306246,0.10027501586629999,135,474,4627
42029300502,314.7,0.19443639524775427,0.1425054704595186,671,521,3451
42029300600,241.4,0.22586109542631283,0.2230378317334839,1200,1185,5313
42029300700,210.3,0.38351459645105895,0.24428058234070713,2010,1292,5241
42029300800,204.7,0.2104752667313288,0.13267278878685354,868,549,4124
42029300900,229.4,0.27289377289377287,0.18876404494382024,596,420,2184
42029301000,282.2,0.09185918591859187,0.08177218651716121,668,598,7272
42029301100,172.3,0.24119402985074626,0.08716417910447762,808,292,3350
42029301300,271,0.17060248259158342,0.125,1127,845,6606
42029301401,202.8,0.17421475529583638,0.1358655953250548,477,372,2738
42029301402,281.8,0.11907029910459135,0.05821917808219178,625,306,5249
42029301500,304.3,0.12114197530864197,0.08793300342596118,314,231,2592
42029301600,336.1,0.17191188040912667,0.06176239181746656,437,157,2542
42029301700,444.5,0.12685714285714286,0.08788732394366197,222,156,1750
42029301800,526.2,0.09736428009441385,0.1418174665617624,495,721,5084
42029301900,506.3,0.06521739130434782,0.048570019723865876,264,197,4048
42029302000,405.6,0.06056501547987616,0.1810692375109553,313,1033,5168
42029302101,377.2,0.06666666666666667,0.20138275963518681,452,1369,6780
42029302102,359.6,0.15779202676331197,0.19443144595226955,566,831,3587
42029302202,363.1,0.09527160146355193,0.31140165893434557,677,2215,7106
42029302203,343.7,0.08879129272484247,0.25701737636051175,465,1346,5237
42029302204,291.2,0.1176172797840027,0.193028609010194,697,1174,5926
42029302300,381.2,0.2326071679550246,0.13094836314546068,662,388,2846
42029302400,305.9,0.324853228962818,0.3967710371819961,1328,1622,4088
42029302500,390.2,0.3259072117593018,0.08980248047772163,1419,391,4354
42029302600,275,0.6207710464201416,0.3071512309495897,3156,1572,5084
42029302702,320.6,0.21039903264812576,0.27908378541289935,1044,1389,4962
42029302703,441.6,0.046233278573104906,0.1072518188218728,197,457,4261
42029302704,381.6,0.0804464973056197,0.13240954580446498,418,688,5196
42029302705,350.2,0.14557131388814556,0.16947422154160285,544,664,3737
42029302706,346.2,0.21878381302748323,0.0582125081151266,1011,269,4621
42029302802,477.6,0.029928172386272944,0.02094972067039106,150,105,5012
42029302803,300.4,0.162109375,0.008754863813229572,332,18,2048
42029302804,650,0.09249873289406994,0.03347596274855273,365,133,3946
42029302805,222.8,0.12739476996224305,0.10348203048524682,911,740,7151
42029302901,415.6,0.066794299085301,0.13211554800339848,314,622,4701
42029302902,427.8,0.12666450146151348,0.12663967611336033,780,782,6158
42029303000,470.9,0.10590163934426229,0.16448189762796506,323,527,3050
42029303100,557.8,0.04929069487857658,0.08067586863398382,205,339,4159
42029303301,397.4,0.24593892137751786,0.3296774193548387,757,1022,3078
42029303302,445.6,0.06668021955682049,0.10091926458832934,328,505,4919
42029303401,230.8,0.2460164171897634,0.5417672621921777,1019,2244,4142
42029303402,285.9,0.32808532249873035,0.4954909819639279,646,989,1969
42029303501,430.1,0.07216981132075471,0.13699582753824757,306,591,4240
42029303502,454.6,0.033504273504273506,0.166949440108585,98,492,2925
42029303801,342,0.09367396593673966,0.07688564476885645,385,316,4110
42029303802,322.6,0.06326483491110597,0.15365966289540522,548,1331,8662
42029303901,545.3,0.11879895561357702,0.09409958324193902,455,429,3830
42029303902,423.1,0.059623625861747714,0.10409335062048528,320,562,5367
42029304000,315,0.11330861145447053,0.271120246659815,550,1319,4854
42029304101,228.2,0.23350371747211895,0.31291277613299934,1005,1374,4304
42029304102,216.2,0.21526361782697348,0.34817927170868346,739,1243,3433
42029304201,221.7,0.2577502214348981,0.22940655447298494,1746,1554,6774
42029304300,388.6,0.07261334316255068,0.1219960765080922,591,995,8139
42029304403,247.4,0.07661888284725656,0.14852216748768474,310,603,4046
42029304404,332.2,0.16643272508522158,0.2073390816121917,830,1034,4987
42029304405,398.1,0.07638128032555956,0.11621411947245927,488,749,6389
42029304406,457.7,0.08667687595712098,0.0333843797856049,283,109,3265
42029304501,435,0.027972860373765028,0.2982978216878943,235,2506,8401
42029304502,396.1,0.023369036027263874,0.043407839326206676,72,134,3081
42029304600,418.6,0.07399039819260096,0.09820457018498367,262,361,3541
42029304900,297,0.2688336520076482,0.0348879911861917,2109,285,7845
42029305000,206.1,0.17853170189099,0.058954393770856504,321,106,1798
42029305101,238.4,0.18050373134328357,0.10074626865671642,774,432,4288
42029305102,257.9,0.13553267493170834,0.11767177978566926,645,560,4759
42029305300,187.3,0.24193118164843957,0.3575765575501584,1814,2709,7498
42029305400,154.9,0.46426043878273177,0.5893065608218538,1968,2524,4239
42029305500,94.1,0.5672002416188463,0.8803986710963455,1878,2915,3311
42029305600,99.3,0.5749293119698398,0.8909432779692886,1830,2843,3183
42029305700,140.2,0.5184563758389261,0.6187080536912751,1236,1475,2384
42029306000,247.7,0.10060894890124437,0.16298452176213785,760,1232,7554
42029306300,205.8,0.2847124824684432,0.5057752887644382,812,1445,2852
42029306501,404.7,0.07081295131609597,0.19832597070448732,304,853,4293
42029306503,335.3,0.32488560366068286,0.5588132635253054,923,1601,2841
42029306504,395.7,0.21646156949768006,0.3415372200927981,1073,1693,4957
42029306600,366.1,0.04405833074775054,0.054917778467266525,142,177,3223
42029306700,372.1,0.1314260169870362,0.08538220831470719,588,382,4474
42029306800,313,0.1876850207223209,0.08052101835405566,317,136,1689
42029306900,357.1,0.10875466576179166,0.07978993732000678,641,471,5894
42029307000,320.5,0.19535818713450293,0.13372093023255813,1069,736,5472
42029307100,308.4,0.17831118731247322,0.10330047149592798,416,241,2333
42029307200,248.5,0.19850187265917604,0.1780721118469463,265,242,1335
42029307300,237.5,0.18783958602846054,0.1997412677878396,726,772,3865
42029307400,188.5,0.30545062061521855,0.12577264176296696,1132,468,3706
42029307700,266.4,0.23811364514882102,0.06483983018139715,616,168,2587
42029307800,280.5,0.21258907363420426,0.11441013460015835,537,289,2526
42029307900,248.5,0.3001281229980782,0.43310208126858274,937,2185,3122
42029308000,206.9,0.38440545808966864,0.44171203303923406,1972,2353,5130
42029308101,282.9,0.10676156583629894,0.07384341637010676,480,332,4496
42029308102,250.9,0.142433234421365,0.2184432777904588,624,957,4381
42029308200,169,0.36898199191473724,0.15950018375597208,1004,434,2721
42029310400,NA,0.75,0.2651968503937008,6,842,8
42029311000,330.2,0.14236423642364238,0.15984489444205083,949,1113,6666
42029311100,531.1,0.11886524822695035,0.14513908014321122,419,527,3525
42029311200,489.4,0.1487058823529412,0.08967136150234742,316,191,2125
42029311300,514.4,0.051491365777080064,0.22510373443983403,164,1085,3185
42029311401,216.4,0.25160480044655315,0.3805514056770338,1803,2802,7166
42029311403,271.5,0.10158910329171396,0.07964120684968741,358,293,3524
42029311404,279.8,0.28872497365648053,0.10405690200210749,1096,395,3796
42029311500,285.3,0.14919594997022037,0.04050029779630732,501,136,3358
42029311600,155.8,0.38257940327237727,0.48898467432950193,795,1021,2078
42029311700,319.3,0.33101851851851855,0.4084436921238674,3289,4102,9936
42029311800,229.1,0.27808471454880296,0.15931758530183726,1057,607,3801
42045400301,69.7,0.5707469562356038,0.9170779861796644,3469,5574,6078
42045400302,84.6,0.4323637390567636,0.8416760404949382,1531,2993,3541
42045400401,96.8,0.5398773006134969,0.8694449930871025,2728,4402,5053
42045400402,86.1,0.518021978021978,0.8549450549450549,2357,3890,4550
42045400500,109.4,0.4446983546617916,0.7733607493717158,1946,3385,4376
42045400600,151.6,0.29341186736474695,0.4574098218166015,1345,2105,4584
42045400700,147.7,0.44459124690338564,0.6649050371593724,2692,4026,6055
42045400801,123.5,0.5155709342560554,0.9204152249134948,1192,2128,2312
42045400802,183.9,0.20353260869565218,0.43577235772357725,749,1608,3680
42045400900,258.5,0.09870967741935484,0.28,153,434,1550
42045401000,256.1,0.08898534997287032,0.15084102007596312,164,278,1843
42045401101,127.8,0.22161816437480014,0.24208506555804285,693,757,3127
42045401103,278.7,0.0912014030985092,0.22998839907192575,312,793,3421
42045401104,172.4,0.237,0.24334525228446563,1185,1225,5000
42045401200,208.6,0.19572953736654805,0.150636282923942,660,509,3372
42045401301,NA,0.2569072164948454,0.5245360824742268,623,1272,2425
42045401302,169.2,0.2905278921752153,0.22295562889622295,776,608,2671
42045401401,143.5,0.253259779338014,0.26113056528264134,505,522,1994
42045401402,136.7,0.2782493368700265,0.3535326806033342,1049,1336,3770
42045401501,144.2,0.15131948343627175,0.10780460415496912,539,384,3562
42045401502,194,0.2138030888030888,0.41457528957528955,886,1718,4144
42045401600,166.2,0.28953626634958385,0.5244755244755245,487,900,1682
42045401700,120,0.32844243792325056,0.7546746447270007,873,2018,2658
42045401800,160.7,0.24121443939756157,0.6712885488883577,1009,2808,4183
42045401900,160.1,0.27207465900933236,0.5582675281167744,1137,2333,4179
42045402000,155.6,0.15138218516893373,0.6472136902150066,345,1475,2279
42045402100,136,0.3370127630217316,0.9404007535536907,1954,5491,5798
42045402200,132.4,0.3300312825860271,0.8589065255731922,633,1948,1918
42045402300,146.4,0.4332552693208431,0.9947306791569087,1480,3398,3416
42045402400,68.5,0.6673457508731082,0.9074505238649593,2293,3118,3436
42045402500,66.7,0.5568615927123126,0.9502906976744186,1895,3269,3403
42045402600,77.5,0.4763935424916235,0.7743870631194575,1564,2969,3283
42045402700,88.5,0.3985904463586531,0.8347689898198903,1018,2132,2554
42045402800,123.6,0.3587812992470671,0.7700928033619331,2049,4398,5711
42045402900,86.4,0.516560139453806,0.9834926151172894,1778,3396,3442
42045403001,120.6,0.22473753280839895,0.04101049868766404,685,125,3048
42045403002,119.5,0.2707439198855508,0.13662374821173104,757,382,2796
42045403101,117.9,0.34367726920093095,0.4887509697439876,1329,1890,3867
42045403103,102,0.30111986727498963,0.4537536291995023,726,1094,2411
42045403104,125.8,0.534181240063593,0.7137192704203014,1344,1800,2516
42045403200,162.9,0.14712256200337107,0.239067755886593,611,995,4153
42045403300,130.9,0.3039964077233947,0.232805023923445,2031,1557,6681
42045403401,113.5,0.1916605705925384,0.5370705244122965,524,1485,2734
42045403402,106.2,0.42905317769130996,0.4337224383916991,1654,1672,3855
42045403501,157.4,0.22518518518518518,0.1508641975308642,912,611,4050
42045403502,151.4,0.2248957330766763,0.19473853063843438,701,607,3117
42045403601,167.6,0.24785906532909224,0.09689169499757164,1013,399,4087
42045403602,159.2,0.11586051743532058,0.16985376827896512,206,302,1778
42045403701,143.8,0.2740740740740741,0.08004851425106124,444,132,1620
42045403702,139,0.39496139780577,0.023567655424624138,972,58,2461
42045403800,196.8,0.20330106332328202,0.10181762168823166,1281,661,6301
42045403901,193.5,0.23812423873325214,0.07618763071407231,782,255,3284
42045403902,219.6,0.09437041066086484,0.043655097613882865,347,161,3677
42045404003,157.1,0.1337035454933789,0.3387441264416916,313,793,2341
42045404004,201.4,0.17469492614001284,0.07771355170199101,1088,484,6228
42045404101,222.4,0.16032428855062872,0.1100264725347452,969,665,6044
42045404102,167.8,0.29967918475183997,0.2958513234465928,1588,1576,5299
42045404103,151.2,0.21129587155963303,0.05490420360308836,737,192,3488
42045404300,90,0.6122526636225266,0.29749240121580545,1609,783,2628
42045404400,119.7,0.4667487684729064,0.5954433497536946,758,967,1624
42045404500,80.8,0.5866284622731615,0.8480428360413589,3071,4593,5235
42045404600,111.8,0.43275129778197263,0.8763567720622936,917,1857,2119
42045404700,90.2,0.6659182757072295,0.4896988906497623,1483,1854,2227
42045404800,45.1,0.7161764705882353,0.9341085271317829,1461,1928,2040
42045404900,31.9,0.8695987654320988,0.9652777777777778,1127,1251,1296
42045405000,70.8,0.6128482092097783,0.9394110985277463,1078,1659,1759
42045405100,61.8,0.5363201391909526,0.9682470639408438,1233,2226,2299
42045405200,65.7,0.6699059561128526,0.9852664576802508,2137,3143,3190
42045405300,54.3,0.6089466089466089,0.9325396825396826,1688,2585,2772
42045405400,46,0.5623551228558182,0.8515263644773358,1213,1841,2157
42045406100,130.2,0.2712742980561555,0.26971133132270575,628,626,2315
42045406201,190.5,0.12755102040816327,0.0507202881152461,425,169,3332
42045406202,203.1,0.11443102352193261,0.06378470014833651,540,301,4719
42045406300,112.1,0.40972008612734545,0.5223008305136881,1332,1698,3251
42045406401,91.5,0.5059357541899442,0.8559527941686914,1449,2466,2864
42045406402,100.4,0.4720394736842105,0.8700657894736842,574,1058,1216
42045406500,103.5,0.5609756097560976,0.3667252489748096,943,626,1681
42045406600,78.3,0.5372460496613995,0.209240337627721,1190,471,2215
42045406700,96.3,0.3387096774193548,0.14659384880712847,1176,510,3472
42045406801,212.1,0.1743391066545123,0.17388331814038285,765,763,4388
42045406802,181.8,0.2164900967296177,0.14191042047531993,940,621,4342
42045406803,226,0.16593406593406593,0.13638583638583637,1359,1117,8190
42045406902,216.6,0.1836978810663021,0.08817498291182502,1075,516,5852
42045406903,283.9,0.1208960988798764,0.023750239417736067,626,124,5178
42045406904,234.9,0.15259230164964652,0.1251329315845445,777,706,5092
42045407000,246.5,0.09669902912621359,0.10747303543913714,249,279,2575
42045407101,369.1,0.12449126167105579,0.1479555660600331,520,626,4177
42045407102,326.9,0.09781950333131435,0.08328285887341005,323,275,3302
42045407201,431.6,0.1293554006968641,0.09247714048212802,594,445,4592
42045407202,280.8,0.09138623031799938,0.02863497358910203,296,103,3239
42045407401,430.5,0.05595143837424123,0.20752744380554103,212,794,3789
42045407404,340.5,0.07718579234972678,0.15471311475409835,226,453,2928
42045407501,286.9,0.12413793103448276,0.09612068965517241,288,223,2320
42045407502,327.7,0.1828371278458844,0.19431592861863847,522,588,2855
42045407600,387.8,0.10204918032786885,0.1853275668748999,498,1157,4880
42045407700,198.9,0.23694029850746268,0.31361607142857145,635,843,2680
42045407801,299.6,0.07028531663187196,0.05155820348304308,303,225,4311
42045407802,346,0.04318181818181818,0.08015151515151515,285,529,6600
42045407803,274.5,0.06513194834362718,0.10294666169339799,348,552,5343
42045407804,286,0.10985853227232538,0.045755968169761276,497,207,4524
42045407805,295.2,0.049689440993788817,0.06493506493506493,88,115,1771
42045407806,262.6,0.12254901960784313,0.2647058823529412,200,432,1632
42045407901,526.6,0.047242083758937695,0.12292782453455751,185,482,3916
42045407902,401,0.1044395924308588,0.151018922852984,287,415,2748
42045407903,335.7,0.12103980503655565,0.2783616275936405,447,1033,3693
42045408001,366.6,0.14467611013846887,0.15724972147063504,909,988,6283
42045408002,418.4,0.11030554117037804,0.06915029344220465,426,271,3862
42045408101,344.6,0.11221793047367351,0.14032523296181254,552,768,4919
42045408102,312,0.10679048171793383,0.15121668597914253,368,522,3446
42045408103,326.9,0.1679784124128626,0.15884159719175076,747,724,4447
42045408300,475.6,0.11093847110006215,0.17465904091509019,357,794,3218
42045408400,546.1,0.08506841165972635,0.04977116704805492,143,87,1681
42045408500,306.7,0.0914765906362545,0.11860744297719088,381,494,4165
42045408600,363.4,0.0885264997087944,0.0891089108910891,304,306,3434
42045408700,343.7,0.0870110855469567,0.09970918155380142,416,480,4781
42045408800,289.4,0.14367702355036613,0.17910152384721947,726,905,5053
42045408900,353,0.0495345744680851,0.10571808510638298,149,318,3008
42045409000,287.8,0.09135802469135802,0.16803503010399562,333,614,3645
42045409100,326.4,0.08476544356711566,0.06595448211797492,365,284,4306
42045409200,274.4,0.13096665867114415,0.09738546414008155,546,406,4169
42045409300,284.9,0.14389067524115756,0.0727491961414791,358,181,2488
42045409400,311.3,0.07236608726498758,0.11719274680993956,204,349,2819
42045409500,290.6,0.09375,0.09140922556072789,441,432,4704
42045409601,698.7,0.10239130434782609,0.2556648140230868,471,1196,4600
42045409602,324.6,0.34014039566049775,0.2642610198789974,1066,1223,3134
42045409701,721.5,0.07410033681971281,0.18934665002080733,418,1365,5641
42045409702,459.5,0.17777777777777778,0.15035677879714576,88,295,495
42045409802,838.5,0.17914110429447852,0.20305608065532452,730,1289,4075
42045409803,546.4,0.16646989374262103,0.16862745098039217,1128,1161,6776
42045409902,388.8,0.23108828757653566,0.1504665629860031,1170,774,5063
42045409903,322.2,0.12391788276032649,0.0932475884244373,501,377,4043
42045409904,613.9,0.081787521079258,0.0467525195968645,291,167,3558
42045410000,500.4,0.07876195269250126,0.08217821782178218,313,332,3974
42045410100,511.5,0.09639462965756525,0.19595645412130638,639,1512,6629
42045410200,491.4,0.04261057173678533,0.23946308724832216,158,892,3708
42045410301,453.5,0.153525587597933,0.2260978670012547,921,1802,5999
42045410302,405,0.09098523714794263,0.22299687825182102,869,2143,9551
42045410400,416.3,0.06793239683933275,0.144315188762072,619,1315,9112
42045410500,117.2,0.645525962828128,0.9017208413001913,3369,4716,5219
42045410601,185.4,0.16914600550964187,0.10393181193291175,614,378,3630
42045410602,216.9,0.17832388153749212,0.10114702815432743,849,485,4761
42045410700,61.8,0.6526690391459075,0.8457560627674751,2751,4743,4215
42045410800,301.9,0.10849539406345957,0.21295718387217577,848,1706,7816
42045980000,NA,NaN,NaN,0,0,0
42091200103,425.1,0.12540513587634006,0.20929107186063392,503,865,4011
42091200104,371.7,0.1128254580520733,0.0670995670995671,468,279,4148
42091200105,397.3,0.1144082946013586,0.25670361101179834,320,718,2797
42091200106,426.3,0.2583412774070543,0.22735938989513824,542,477,2098
42091200200,435.7,0.12189054726368159,0.09911894273127753,147,135,1206
42091200301,244.3,0.2055783429040197,0.33584905660377357,1253,2047,6095
42091200305,260.3,0.11801242236024845,0.05659494855004677,247,121,2093
42091200306,313.7,0.15718868474773987,0.03820355788859726,539,131,3429
42091200307,215.3,0.23470483005366727,0.2504201680672269,656,745,2795
42091200308,258.7,0.21653255303584493,0.18629602535966838,888,764,4101
42091200309,249.7,0.15910676901605025,0.11933007676203769,456,342,2866
42091200310,334.1,0.21210906174819566,0.033307513555383424,529,86,2494
42091200401,277.7,0.18715763846622033,0.10772976262933658,615,354,3286
42091200402,234.3,0.1891304347826087,0.10915662650602409,783,453,4140
42091200501,342.1,0.07473765037112874,0.11046652163403432,292,457,3907
42091200502,236.4,0.15538700894593543,0.19548000772648252,799,1012,5142
42091200505,579.9,0.09767905453509897,0.186468200270636,686,1378,7023
42091200506,340.3,0.07869955156950673,0.13699551569506727,351,611,4460
42091200507,247.9,0.08126539117257056,0.14759660697455232,429,783,5279
42091200602,316.5,0.10220486908589803,0.4230857404860156,890,3691,8708
42091200603,372.3,0.07966522008679479,0.20106288751107174,257,681,3226
42091200605,439.1,0.13172086942310834,0.26967199870738406,806,1669,6119
42091200606,220,0.1152073732718894,0.2457757296466974,375,800,3255
42091200607,348.9,0.09873125720876585,0.27312572087658593,428,1184,4335
42091200703,278.9,0.20795107033639143,0.33083235638921454,884,1411,4251
42091200704,288,0.21850828729281768,0.22730989370400653,791,834,3620
42091200707,266.7,0.24267262791852956,0.3675997027495665,977,1484,4026
42091200708,286.4,0.12317403065825068,0.21628407460545193,683,1206,5545
42091200800,251.1,0.21686746987951808,0.4852409638554217,720,1611,3320
42091200901,198.6,0.26084824711939203,0.3648490521881582,1064,1559,4079
42091200902,169,0.2527105921601334,0.31859883236030023,303,382,1199
42091200903,222.3,0.29952524816573156,0.3529033640454253,1388,1647,4634
42091200906,268,0.2039122703023118,0.2108991825613079,344,387,1687
42091200907,263.4,0.18204488778054864,0.12011637572734829,438,289,2406
42091200908,213.1,0.26263580538497877,0.29021636876763873,556,617,2117
42091201003,278.8,0.11512415349887133,0.26796315250767655,561,1309,4873
42091201004,287.8,0.11163337250293771,0.27648914455372053,570,1490,5106
42091201005,372.3,0.0437740313516711,0.13930789707187222,148,471,3381
42091201006,462.9,0.07194244604316546,0.1522615315718764,160,340,2224
42091201100,233.6,0.16515198997179567,0.12923076923076923,527,420,3191
42091201201,598.9,0.13897180762852404,0.158472553699284,838,996,6030
42091201203,479.8,0.07324414715719063,0.06559949780288764,219,209,2990
42091201204,242.7,0.1552734375,0.3427734375,318,702,2048
42091201301,314.3,0.11074130105900151,0.25486827033218784,366,890,3305
42091201302,208.7,0.3399734395750332,0.3484998351467194,1024,1057,3012
42091201404,497.5,0.1263089005235602,0.20215235281705002,579,958,4584
42091201406,361.1,0.0595290013083297,0.2136938508504143,273,980,4586
42091201407,309.5,0.15288788221970556,0.33031332578331446,405,875,2649
42091201408,464.1,0.029377477267428304,0.13313126602937747,126,571,4289
42091201409,462.6,0.055071832825424466,0.12298650413582934,253,565,4594
42091201410,347.2,0.11145996860282574,0.16360153256704982,284,427,2548
42091201411,273.1,0.1596330275229358,0.0855045871559633,435,233,2725
42091201501,394.9,0.20604066985645933,0.2437206734750207,689,883,3344
42091201502,432,0.08702449192287649,0.12610734757686295,167,242,1919
42091201603,235.7,0.165415297982168,0.4313084112149533,705,1846,4262
42091201604,226.7,0.20189480561907874,0.40632127728901923,618,1247,3061
42091201605,235.8,0.09446254071661238,0.22840359364201795,261,661,2763
42091201606,224.3,0.3240223463687151,0.5151873767258383,812,1306,2506
42091201607,260.2,0.2874234835837507,0.2924318308291597,1033,1051,3594
42091201608,325.3,0.08318965517241379,0.22349137931034482,386,1037,4640
42091201703,239.7,0.10541310541310542,0.14281210592686003,333,453,3159
42091201704,255.3,0.10828625235404897,0.1674304919034525,345,548,3186
42091201705,283.5,0.1359908883826879,0.110250569476082,597,484,4390
42091201706,272.8,0.227125243348475,0.22336409395973153,1050,1065,4623
42091201800,348,0.1378743007568279,0.15690104166666666,419,482,3039
42091201901,344.8,0.10054622698765932,0.11147076674084563,497,551,4943
42091201902,276,0.12009897221164827,0.22713164140953077,631,1244,5254
42091202000,239.1,0.14848365498227648,0.10102201257861636,377,257,2539
42091202100,273.7,0.21096382835317906,0.17052347787014155,939,759,4451
42091202201,212.4,0.12108234378041659,0.33540252182347235,622,1729,5137
42091202202,243.5,0.14245982694684797,0.7330037082818294,461,2372,3236
42091202301,313.8,0.16038562664329536,0.2631004366812227,732,1205,4564
42091202302,255.3,0.17267197005147403,0.4108563406644829,369,878,2137
42091202401,NA,0.4471589349437277,0.8555102040816327,1629,3144,3643
42091202402,282.2,0.14477611940298507,0.516306649724693,679,2438,4690
42091202500,281.4,0.2533003300330033,0.7134387351778656,1228,3971,4848
42091202602,343.1,0.14483683504693787,0.1595256312165264,324,417,2237
42091202603,243.9,0.15651531930601698,0.15654060756354618,424,505,2709
42091202604,294.6,0.17360496014171833,0.37372843874391865,392,845,2258
42091203000,560.8,0.06869712351945854,0.14317602040816327,203,449,2955
42091203103,364.3,0.07965482907401261,0.07249255213505462,240,219,3013
42091203104,428,0.08818429526876394,0.05804431599229287,356,241,4037
42091203105,373.1,0.10362400906002266,0.1476028690071725,549,782,5298
42091203106,322.7,0.11223996129656506,0.15336236090953073,232,317,2067
42091203203,350.6,0.1831528279181709,0.24163658243080627,761,1004,4155
42091203204,495.3,0.10086366440468847,0.35069235400361226,654,2330,6484
42091203205,422.4,0.08376715570279224,0.21533364884051112,177,455,2113
42091203207,453.2,0.10727056019070322,0.15141676505312868,360,513,3356
42091203208,372.4,0.03682918274289723,0.19361627499123116,105,552,2851
42091203302,277.2,0.07021174972138194,0.2146155070848591,441,1348,6281
42091203303,254.9,0.17986184909670563,0.22679377822378324,677,904,3764
42091203304,258.1,0.1465896589658966,0.2217517861868219,533,838,3636
42091203401,196.6,0.24965682910089224,0.2603256212510711,1455,1519,5828
42091203402,236.9,0.11071053026888988,0.2693405437884933,737,1793,6657
42091203403,204,0.1765087605451006,0.1484450144277012,544,463,3082
42091203500,160.4,0.2577141057934509,0.6247680890538033,1637,4041,6352
42091203601,156.6,0.5896180215475024,0.8316028552887735,1806,2563,3063
42091203602,161.5,0.30319148936170215,0.6071344754752406,1254,2587,4136
42091203700,184.5,0.5574387947269304,0.656390134529148,888,1171,1593
42091203801,132.3,0.451322607035724,0.6160349059176439,1655,2259,3667
42091203803,157.3,0.4675254965110038,0.729522792022792,2613,4097,5589
42091203804,108.1,0.6911071849234394,0.794655823409817,2347,2736,3396
42091203901,116.1,0.6538108356290174,0.8846036118763392,2136,2890,3267
42091203902,99,0.597478176527643,0.6980278047203362,1848,2159,3093
42091204002,337,0.1780515117581187,0.37597765363128494,636,1346,3572
42091204007,332.5,0.2586046511627907,0.23767441860465116,556,511,2150
42091204008,333.5,0.17841569767441862,0.16896802325581395,491,465,2752
42091204009,258.1,0.136860264519839,0.22600446428571427,238,405,1739
42091204010,353.7,0.0621425848265345,0.18147159740754862,163,476,2623
42091204101,275.8,0.18664604279453467,0.04047434905903583,724,157,3879
42091204102,294.2,0.18679980516317585,0.13638577691183634,767,560,4106
42091204200,336,0.14219830899308225,0.1345119139123751,185,175,1301
42091204300,401.2,0.16784255477163015,0.17935388043074638,452,483,2693
42091204400,616.4,0.11883408071748879,0.17680973734785393,371,552,3122
42091204500,623.1,0.06626360338573156,0.08189836203275934,274,390,4135
42091204600,736.6,0.0480684811237928,0.1448608371685295,219,661,4556
42091204701,311,0.06796116504854369,0.09757281553398059,140,201,2060
42091204702,434.2,0.0931013431013431,0.2078754578754579,305,681,3276
42091204800,885.9,0.037527593818984545,0.11455231288465356,187,577,4983
42091204900,889,0.04880647911338448,0.10380228136882129,229,546,4692
42091205000,364.3,0.1761006289308176,0.3522544283413849,280,875,1590
42091205100,779.9,0.24261771747805266,0.21896024464831804,304,358,1253
42091205200,759.9,0.08850820842255532,0.1129648939867918,248,325,2802
42091205300,250,0.3665564478034955,0.41511194029850745,776,890,2117
42091205400,612.9,0.09304987735077677,0.2539347720266104,569,1565,6115
42091205501,300,0.21898375032241424,0.2615424297136962,849,1014,3877
42091205502,593.4,0.0655333150534686,0.1565670414038936,239,571,3647
42091205503,359,0.06562633604104318,0.2671428571428571,307,1309,4678
42091205600,442.5,0.07944572748267899,0.1441108545034642,344,624,4330
42091205700,198.4,0.4161938018332606,0.3210388476647752,1907,1471,4582
42091205801,191,0.07319422150882825,0.5348314606741573,228,1666,3115
42091205805,283.8,0.11232633757020397,0.2603183962264151,380,883,3383
42091205806,231.9,0.12104787714543812,0.28545618789521227,268,632,2214
42091205807,228.6,0.10876320696084525,0.39341205717837163,175,633,1609
42091205808,344,0.16132244572794263,0.2656762492764808,810,1377,5021
42091205809,340.2,0.08602915037326697,0.23610619469026548,242,667,2813
42091205903,462.6,0.08740068104426787,0.17782822550132427,231,470,2643
42091205904,484.6,0.07744259342638452,0.12066636650157586,172,268,2221
42091205905,264.4,0.1615598885793872,0.4091922005571031,580,1469,3590
42091205906,271.3,0.12215513237343242,0.2823966558290757,263,608,2153
42091206004,279.6,0.1625418060200669,0.27642150803461063,729,1789,4485
42091206005,290.5,0.1500350549193737,0.18064968450572563,642,773,4279
42091206006,290,0.10982008995502249,0.05438401775804662,293,147,2668
42091206007,338.2,0.15551914196335467,0.39934087978220373,1044,2787,6713
42091206102,361.4,0.10249917428162501,0.23857756247935705,931,2167,9083
42091206104,453.3,0.07394587791063562,0.1721208307111391,235,547,3178
42091206105,441.4,0.05108416023520764,0.10050675675675676,278,595,5442
42091206106,242.5,0.15247364152473641,0.1513742926434923,752,749,4932
42091206201,209.9,0.3375796178343949,0.09256900212314224,795,218,2355
42091206202,171.5,0.21241970021413276,0.1446773530620633,496,352,2335
42091206300,297.1,0.08328530259365995,0.19957862478452404,289,1042,3470
42091206400,244.8,0.1954379048155449,0.2430301323570825,694,863,3551
42091206501,297.2,0.032038173142467624,0.16405362417632358,141,722,4401
42091206502,241.8,0.1475756934152022,0.11927560366361366,697,573,4723
42091206600,170.3,0.27988338192419826,0.11538461538461539,384,168,1372
42091206702,NA,0,0.7416184971098266,0,2566,28
42091206703,343.4,0.07315879618301933,0.10692439442133594,299,437,4087
42091206704,375.1,0.11913954771097628,0.07263722657862154,864,528,7252
42091206801,528.4,0.07125,0.22110141766630317,513,1622,7200
42091206802,338.8,0.126514131897712,0.11440107671601615,376,340,2972
42091206901,337.6,0.2377487695270704,0.2769099079820244,1111,1294,4673
42091206904,258.3,0.15943620721215448,0.1969643487469114,871,1116,5463
42091206905,282.3,0.12006414111044297,0.2066,599,1033,4989
42091206906,341.3,0.08727399165507649,0.07927677329624479,251,228,2876
42091207001,427.6,0.05737704918032787,0.13608087091757387,441,1050,7686
42091207003,365.7,0.058,0.10187315149523496,174,310,3000
42091207004,280.8,0.12962962962962962,0.14770723104056438,588,670,4536
42091207101,341.3,0.10130932896890343,0.10571474825967297,619,653,6110
42091207103,288.7,0.1560434372049103,0.1529578128682536,661,649,4236
42091207104,307.7,0.18298969072164947,0.06432125088841507,497,181,2716
42091207201,227.5,0.17580577647551276,0.17118997912317327,420,410,2389
42091207202,232.3,0.20712341197822143,0.2598460842009959,913,1148,4408
42091207300,218.6,0.2498101746393318,0.26085329341317365,658,697,2634
42091207400,337.6,0.09097150703741846,0.053553038105046344,265,156,2913
42091207500,353.8,0.13630916716596764,0.012444444444444444,455,42,3338
42091207600,260.4,0.16035988356708125,0.021567596002104155,606,82,3779
42091207800,291.2,0.15452660677263302,0.08373369938229239,1118,610,7235
42091207900,174,0.2860032362459547,0.05906148867313916,707,146,2472
42091208000,202.2,0.23943661971830985,0.05371900826446281,867,208,3621
42091208100,158.1,0.20446851726472579,0.09124454880912446,604,272,2954
42091208201,257.2,0.12239221140472879,0.02313743637204998,264,50,2157
42091208203,260.8,0.14465145488800502,0.0408205987021143,691,195,4777
42091208204,300.2,0.06938544321721891,0.04389691305579156,245,155,3531
42091208301,301.3,0.08188976377952756,0.025196850393700787,208,64,2540
42091208302,314,0.14907838768482884,0.08473721375970947,1472,840,9874
42091208400,239.6,0.17484312606959498,0.028900112233445567,613,103,3506
42091208500,207.8,0.1985670419651996,0.10706243602865916,970,523,4885
42091208601,363.8,0.12218902343135714,0.12832206321748701,777,816,6359
42091208603,264.2,0.07854984894259819,0.09090909090909091,520,603,6620
42091208604,289.3,0.1581783417347471,0.1823997233748271,910,1055,5753
42091208702,245.5,0.1044776119402985,0.10503552672227372,336,340,3216
42091208703,204.7,0.18461538461538463,0.15930521091811414,744,642,4030
42091208704,163,0.316000845487212,0.2738290879211175,1495,1333,4731
42091208801,111.3,0.4554819720382634,0.4718772826880935,619,646,1359
42091208802,111.8,0.5424056755885198,0.2586262495969042,1682,802,3101
42091208901,127.8,0.2821017139645968,0.2626857303055789,1004,937,3559
42091208903,161,0.38003502626970226,0.3891418563922942,1085,1111,2855
42091208904,95,0.5960370725471397,0.46596356663470756,1865,1458,3129
42091208905,156.1,0.1802013422818792,0.19852941176470587,537,594,2980
42091208906,110.5,0.4157468727005151,0.4026004728132388,1695,1703,4077
42091209000,119.9,0.463768115942029,0.3763586956521739,672,554,1449
42091209100,217,0.09937888198757763,0.1278772378516624,544,700,5474
42091209201,157.6,0.16216216216216217,0.1468058968058968,264,239,1628
42091209202,132,0.367419212040726,0.23550243470562196,830,532,2259
42091210100,294.9,0.16729750189250567,0.25157708806459755,663,997,3963
42091210200,327.2,0.030814380044020543,0.05612619222303742,84,153,2726
42091210300,346.5,0.1009865005192108,0.14282290917804938,389,596,3852
42091210400,317.8,0.14880529926661934,0.24725397892849138,629,1103,4227
42091210500,303.7,0.11896859841715599,0.2673984119570294,466,1145,3917
42091210600,299.6,0.12292518643252345,0.2345050878815911,511,1014,4157
42091210700,364.5,0.08736676568233444,0.2418822712276437,500,1393,5723
42101000100,397.1,0.16293622141997594,0.33622141997593263,677,1397,4155
42101000200,225.8,0.6227521501172791,0.7592247484159523,1593,2037,2558
42101000300,591.2,0.21659125188536954,0.3432371250707414,718,1213,3315
42101000401,595.8,0.27583586626139817,0.435790273556231,726,1147,2632
42101000402,303.4,0.1652015762352228,0.1579266444377084,545,521,3299
42101000500,394.4,0.44639376218323584,0.6499602227525855,687,1634,1539
42101000600,734.4,0.185546875,0.2866611433305717,190,346,1024
42101000700,293.4,0.3115899825276645,0.4369747899159664,1070,1508,3434
42101000801,659.4,0.1869225302061123,0.2594171997157072,263,365,1407
42101000803,728,0.17649017649017648,0.19513819513819514,530,586,3003
42101000804,582.7,0.13348847048868204,0.22445525703405966,631,1061,4727
42101000901,257.4,0.319138019497178,0.31298101590559263,622,610,1949
42101000902,762,0.3779834388699464,0.3332076894082171,776,884,2053
42101001001,606.4,0.12713841368584758,0.1286936236391913,327,331,2572
42101001002,658.9,0.11544273194318526,0.12481112118464793,382,413,3309
42101001101,390.6,0.3002336448598131,0.26741095162147793,1028,1006,3424
42101001102,436.6,0.2668517049960349,0.25938967136150237,673,663,2522
42101001201,620.2,0.059745347698334964,0.22061704211557298,244,901,4084
42101001202,657.7,0.1956476683937824,0.21673228346456694,944,1101,4825
42101001300,413,0.20595495217525456,0.39956803455723544,1335,2590,6482
42101001400,457,0.2273166023166023,0.3677140801151355,942,1533,4144
42101001500,418.2,0.21354166666666666,0.3772618641174462,615,1105,2880
42101001600,470.3,0.11189739053516143,0.12693498452012383,253,287,2261
42101001700,500,0.05277401894451962,0.22834912043301758,156,675,2956
42101001800,418.2,0.14731051344743276,0.2995110024449878,482,980,3272
42101001900,391.1,0.22153209109730848,0.44483880508725226,749,1504,3381
42101002000,118.1,0.4113277623026927,0.7571959145775302,886,1631,2154
42101002100,190.8,0.4162280701754386,0.7109649122807018,949,1621,2280
42101002200,239.4,0.43185689948892675,0.5622641509433962,1014,1341,2348
42101002300,278,0.4399317406143345,0.3921501706484642,1289,1149,2930
42101002400,333.3,0.33964716805942435,0.3977715877437326,1829,2142,5385
42101002500,312.3,0.35580334515965534,0.3997471554993679,1404,1581,3946
42101002701,185.4,0.5299048482102402,0.6631173538740371,2339,2927,4414
42101002702,234.3,0.3016605166051661,0.1688191881918819,1308,732,4336
42101002801,166.6,0.5400500625782227,0.7508278145695364,2589,3628,4794
42101002802,239.2,0.3831662633944003,0.3788454891116488,2217,2192,5786
42101002900,278.3,0.27210216110019647,0.3280943025540275,1108,1336,4072
42101003001,151.2,0.5066505441354293,0.6263577118030412,2095,2595,4135
42101003002,194,0.4327346662148424,0.7533039647577092,1277,2223,2951
42101003100,119.3,0.522111599907386,0.8844639962954387,2255,3820,4319
42101003200,93.1,0.656742125984252,0.9163385826771654,2669,3724,4064
42101003300,85.1,0.6101392938127632,0.7520246193715582,3767,4643,6174
42101003600,130.8,0.6365509123013537,0.8288856304985337,4326,5653,6796
42101003701,111.8,0.5828231011087208,0.8558662915770313,3522,5172,6043
42101003702,115.4,0.6473149492017417,0.8057264552768576,2676,3405,4134
42101003800,208.4,0.2616871245756072,0.0835727343954035,1002,320,3829
42101003901,166.5,0.4073063513718357,0.32889561270801815,2687,2174,6597
42101003902,195.4,0.1895937277263008,0.0552212389380531,1064,312,5612
42101004001,183.4,0.3898389095415118,0.29987608426270135,1573,1210,4035
42101004002,175.1,0.24528301886792453,0.1801390268123138,1235,907,5035
42101004101,153.1,0.6532704197852262,0.7474059662775616,4015,4610,6146
42101004102,129.3,0.6115259228099695,0.7428751708907351,5815,7064,9509
42101004201,153.6,0.40274684484038603,0.19747587230883445,2170,1064,5388
42101004202,148.5,0.3838095238095238,0.3317422434367542,2015,1807,5250
42101005000,NA,NaN,NaN,0,0,0
42101005400,177.2,0.3331189710610932,0.9016077170418006,518,1402,1555
42101005500,122.5,0.34256259204712813,0.9044289044289044,2326,6208,6790
42101005600,143.4,0.6422680412371135,0.9278350515463918,623,900,970
42101006000,130.2,0.5900443880786304,0.8463855421686747,3722,5339,6308
42101006100,108.8,0.5240013427324606,0.8972809667673716,1561,2673,2979
42101006200,74.9,0.6548839154988496,0.9543559816590246,3131,4579,4781
42101006300,68.8,0.6753303010612952,0.9699784017278618,3118,4491,4617
42101006400,86,0.6383251990752633,0.9367963152507677,2485,3661,3893
42101006500,75.1,0.516315205327414,0.9836824696802646,2326,4461,4505
42101006600,59,0.60768779342723,0.9471841260577765,2071,3246,3408
42101006700,80.3,0.5462122339633874,0.9379361544172234,3670,6317,6719
42101006900,64.6,0.8220570981619085,0.9706687524442706,2102,2482,2557
42101007000,67.7,0.5748975086723431,0.9745122718691,1823,3097,3171
42101007101,63.6,0.7174940898345153,0.9708112206216831,1821,2561,2538
42101007102,70.9,0.5592637540453075,0.9807847896440129,2765,4849,4944
42101007200,73.2,0.5677983753384711,0.9833264717990943,2726,4777,4801
42101007300,98,0.5478680611423974,0.9332260659694288,1362,2320,2486
42101007400,86.3,0.6140827413288759,0.9007521938988717,2939,4311,4786
42101007700,168.8,0.6200274348422496,0.5653465346534653,904,1142,1458
42101007800,301.2,0.4148148148148148,0.42916303400174366,1848,1969,4455
42101007900,431,0.2754814975113612,0.5457693140012985,1273,2522,4621
42101008000,150.1,0.44144578313253013,0.8002406738868832,1832,3325,4150
42101008101,78.4,0.6310679611650486,1,1820,2884,2884
42101008102,80.9,0.6970802919708029,0.9866389033489502,4011,5686,5754
42101008200,100.7,0.5212121212121212,0.9933333333333333,3440,6556,6600
42101008301,65.6,0.5053133810453264,0.9818323891385036,2330,5026,4611
42101008302,79.1,0.558728795361821,0.9976379643547348,2602,4646,4657
42101008400,85.8,0.5420765027322404,0.9729215147027713,2480,4599,4575
42101008500,99,0.6128208764714225,0.936462913061977,4321,6603,7051
42101008601,297,0.39927464556544673,0.5117045829212001,1211,1552,3033
42101008602,212,0.3198031980319803,0.8003280032800328,780,1952,2439
42101008701,429.3,0.46763085399449034,0.547979797979798,2037,2387,4356
42101008702,455,0.44440270473328325,0.544043321299639,1183,1507,2662
42101008801,NA,0.7533333333333333,0.4081896551724138,339,947,450
42101008802,293.3,0.7506782419967445,0.4880657160570366,2767,3149,3686
42101009000,384.7,0.7420933734939759,0.38504611330698285,1971,2338,2656
42101009100,255.6,0.6042996305005038,0.7453812562982869,1799,2219,2977
42101009200,125.9,0.6727019498607242,0.8348189415041782,2415,2997,3590
42101009300,69.6,0.5219638242894057,0.9913084331688983,2222,4220,4257
42101009400,63.2,0.6995429396199182,0.9923021409670435,2908,4125,4157
42101009500,59.4,0.6437001594896332,0.9913875598086125,2018,3108,3135
42101009600,72.5,0.6689492831157714,0.9858763107211641,3126,4607,4673
42101009801,124.8,0.3840670859538784,0.9054788791300711,916,2165,2385
42101009802,138.6,0.32179226069246436,0.8987085732067839,2054,5776,6383
42101010000,123.6,0.4974704890387858,0.927487352445194,2360,4400,4744
42101010100,93.3,0.46384685034277584,0.9882292070883456,3586,7640,7731
42101010200,65,0.65992147387496225,1,2185,3311,3311
42101010300,68.1,0.546671490593343,1,1511,2764,2764
42101010400,56.9,0.7690667929891047,0.9744801512287334,3247,4124,4222
42101010500,91.1,0.6856020942408377,0.962384513858337,2619,4375,3820
42101010600,66.9,0.7687793427230047,0.941108545034642,1310,1630,1704
42101010700,71.8,0.7049180327868853,0.9637085341650128,2408,3399,3416
42101010800,89.9,0.6905893536121673,0.9306083650190115,2906,3916,4208
42101010900,170.1,0.752820874471086,0.8494358251057827,2135,2409,2836
42101011000,69.7,0.7039609053497943,0.960133744855967,2737,3733,3888
42101011100,79.6,0.5783714193756034,0.95412551768079,1797,2995,3107
42101011200,72.3,0.5620107844842581,0.9964759187783185,3231,5938,5749
42101011300,95.9,0.518574448807007,1,1717,3311,3311
42101011400,132.8,0.41826659352715306,0.994240263302249,3050,7250,7292
42101011500,123.3,0.35232607767819035,0.9596670934699104,1651,4497,4686
42101011700,210.8,0.43452958292919497,0.5185185185185185,448,1036,1031
42101011800,128.8,0.43979142903698876,0.9881416504223521,2699,6083,6137
42101011900,114.8,0.504839750483975,0.9884145033254667,2347,4607,4649
42101012000,294.7,0.2744546094299789,0.7033671833244255,390,1316,1421
42101012100,170.1,0.45754884547069274,0.7786757848927572,1288,2505,2815
42101012201,NA,0.4627488760436737,0.7251123956326269,1441,2258,3114
42101012203,NA,0.35607675906183367,0.579957356076759,167,272,469
42101012204,165.9,0.2964088397790055,0.8328718852252706,1073,3309,3620
42101012500,344.9,0.20684764991896273,0.28352562890107813,1021,1499,4936
42101013100,281.3,0.47475961538461536,0.7457932692307693,790,1241,1664
42101013200,244.2,0.6727272727272727,0.826753545419701,1628,2157,2420
42101013300,241.5,0.5193403298350825,0.5992844364937389,1732,2010,3335
42101013401,401.4,0.1515817223198594,0.09226713532513181,345,210,2276
42101013402,438.4,0.1539786427833276,0.23309303123927222,447,679,2903
42101013500,377.1,0.2948125321006677,0.43759630200308164,1148,1704,3894
42101013601,363.7,0.08251695553880935,0.19706103993971363,219,523,2654
42101013602,348.5,0.2385193431672697,0.232952964096855,857,837,3593
42101013700,183.9,0.5288936627282492,0.7847475832438239,2462,3653,4655
42101013800,102.5,0.6193370165745856,0.8532608695652174,1121,1570,1810
42101013900,278.8,0.6133085155886459,0.7963887821744141,1318,2073,2149
42101014000,223.2,0.5787119856887298,0.7787716159809183,1941,2612,3354
42101014100,206.2,0.5746185336806848,0.8753246753246753,1544,2359,2687
42101014200,310.8,0.1611579667198541,0.35194894005014815,707,1544,4387
42101014300,274.7,0.26833527357392317,0.19674039580908032,461,338,1718
42101014400,257.4,0.5432992263538807,0.5777450257921887,2177,2352,4007
42101014500,150.8,0.6761041902604756,0.9830604178430266,1194,1741,1766
42101014600,160.4,0.4358161648177496,0.6770708283313326,1100,2820,2524
42101014700,188.6,0.7312961011591148,0.734860883797054,2082,2245,2847
42101014800,183.1,0.6494312306101344,0.9824198552223371,628,950,967
42101014900,78.5,0.6966473243068988,0.9367576243980739,2161,2918,3102
42101015101,51.2,0.6669784845650141,0.9632899628252788,1426,2073,2138
42101015102,59.8,0.7412177985948478,0.9569672131147541,2532,3269,3416
42101015200,63.2,0.7135301143149633,0.9807200136495479,4182,5748,5861
42101015300,106.5,0.8588791357191087,0.5091941590048675,2544,1883,2962
42101015600,141.9,0.7312889812889813,0.8955301455301455,1407,1723,1924
42101015700,131.2,0.48,0.6157779401022644,1296,1686,2700
42101015800,240.3,0.26631222812953115,0.087320766876107625,1653,542,6207
42101016000,206.4,0.2742636407532593,0.13673567645642754,1704,852,6213
42101016100,194.4,0.41681901279707495,0.4498091919694707,2508,2711,6017
42101016200,93.4,0.7197452229299363,0.9012738853503185,1808,2264,2512
42101016300,93.6,0.7693150684931507,0.932097082083447,2808,3418,3650
42101016400,48,0.6825431034482758,0.9650862068965518,3167,4478,4640
42101016500,54.8,0.8678414096916299,0.9542527956624873,2561,2816,2951
42101016600,47.5,0.6983830845771144,0.816884661117717,1123,1374,1608
42101016701,43.7,0.6466854724964739,0.9689703808180536,1834,2748,2836
42101016702,48.9,0.7040121120363361,0.933005299015897,1860,2465,2642
42101016800,58.7,0.7062179121505989,0.9352456688440783,2476,3293,3506
42101016901,50.8,0.5928616550852811,0.9678627145085803,1877,3102,3166
42101016902,48,0.740209931368591,0.9517561566410981,3667,4715,4954
42101017000,84.7,0.5034435261707989,0.8225442834138487,1462,2554,2904
42101017100,53.7,0.5008137642408742,0.9633471645919779,2154,4179,4301
42101017201,46,0.570034843205575,0.9240418118466899,1636,2652,2870
42101017202,72.1,0.7091026886945254,0.9636889460154242,2189,2999,3087
42101017300,45.9,0.6542372881355932,0.9390195296931049,1544,2356,2360
42101017400,56.1,0.7420159680638723,0.9264356905552918,1487,1952,2004
42101017500,46.6,0.838604788649128,0.9706662735849056,5674,6585,6766
42101017601,47.1,0.88009461426492,0.9271703596077007,4837,5105,5496
42101017602,48.5,0.8588455246552933,0.9349873650356076,3675,4070,4279
42101017701,45.5,0.8269680436477007,0.9311509482982593,3183,3584,3849
42101017702,41.6,0.8683715682587438,0.9388059701492537,4618,5032,5318
42101017800,50.4,0.7740444444444444,0.7636173184357542,4354,4374,5625
42101017900,68.8,0.6560489565353836,0.6786273895330618,4181,4331,6373
42101018001,155.1,0.341592335645854,0.1635282457879088,1034,495,3027
42101018002,139.2,0.4372100728959576,0.12823061630218688,2639,774,6036
42101018300,142.7,0.27684184058335426,0.024843161856963614,1101,99,3977
42101018400,139.3,0.2595078299776286,0.06604194556001784,580,148,2235
42101018800,68,0.7518958687040181,0.8123945562928805,6643,7223,8835
42101019000,93.7,0.6215328467153285,0.8530413625304136,5109,7012,8220
42101019100,101.8,0.646970048757836,0.8798209366391184,5573,7665,8614
42101019200,68.7,0.7542642710939277,0.8735813012698056,6633,7774,8794
42101019501,47.4,0.8203324808184144,0.9496173469387755,3849,4467,4692
42101019502,51.2,0.8043354249857387,0.8858033437234344,2820,3126,3506
42101019700,66.9,0.7361485050304662,0.9562136885362051,5195,6748,7057
42101019800,58.9,0.7405660377358491,0.9815011372251706,4867,6473,6572
42101019900,53.3,0.806483300589391,0.940426575140966,3284,3836,4072
42101020000,68.9,0.7425665101721439,0.905320813771518,949,1157,1278
42101020101,59.3,0.7653144568472638,0.9293038316243929,2811,3444,3673
42101020102,64.6,0.5793226381461676,0.9347593582887701,1625,2622,2805
42101020200,66.1,0.6712095400340715,0.9187109187109187,2758,3820,4109
42101020300,53.4,0.6527424627678896,0.9221105527638191,1797,2569,2753
42101020400,64.3,0.6764234161988774,0.9358460304731355,1687,2334,2494
42101020500,49.7,0.6871239470517448,0.9177644710578843,1713,2299,2493
42101020600,444.4,0.33001422475106684,0.5066582117945466,464,799,1406
42101020700,228.1,0.22154779969650987,0.29406736194221234,1168,1720,5272
42101020800,162.1,0.3428863868986694,0.5327942497753818,670,1186,1954
42101020900,242.4,0.2338171832091016,0.14693239546697928,596,376,2549
42101021000,217.9,0.3633114949374628,0.1537088456961523,1830,775,5037
42101021100,228.3,0.2304878048780488,0.22199757379700769,567,549,2460
42101021200,221.3,0.21502384737678856,0.28298887122416533,541,712,2516
42101021300,213.4,0.28803777544596015,0.15340761855402954,1098,592,3812
42101021400,239,0.3731892389054955,0.20372499425155208,1623,886,4349
42101021500,231.1,0.2695201037613489,0.1714656290531777,1039,661,3855
42101021600,269.6,0.29096283783783783,0.2833614864864865,689,671,2368
42101021700,235.5,0.22567635691480423,0.21604938271604937,1343,1295,5951
42101021800,257.6,0.334289225727161,0.4015732150060508,1632,1991,4882
42101021900,233.8,0.13935574229691877,0.1211484593837535,199,173,1428
42101022000,302.7,0.06706507304116865,0.2335181762168823,101,379,1506
42101023100,637.9,0.037037037037037035,0.06273620559334846,49,83,1323
42101023500,500,0.2675507020280811,0.44383775351014043,343,569,1282
42101023600,390.2,0.16501182033096926,0.45458404074702885,349,1071,2115
42101023700,326.6,0.2515362556329373,0.7293396599446421,1228,3689,4882
42101023800,192.8,0.2875128468653648,0.7196652719665272,1119,2924,3892
42101023900,205.6,0.5234009360374415,0.672386895475819,671,862,1282
42101024000,173.3,0.43337819650067294,0.6096644295302014,1610,2271,3715
42101024100,188.9,0.6962481962481962,0.7384420519316023,965,1166,1386
42101024200,111.9,0.5131294408402842,0.9055045871559633,1661,2961,3237
42101024300,153.3,0.5945086705202313,0.8424539170506913,2057,2925,3460
42101024400,116.7,0.6274640828600067,0.9071166054126295,1878,2715,2993
42101024500,92.5,0.7015089163237311,0.9050477489768076,2557,3317,3645
42101024600,121.3,0.7932708983697537,0.8909395973154363,2287,2655,2883
42101024700,96,0.5744835965978129,0.9309688169483457,2364,3911,4115
42101024800,118.5,0.4995625546806649,0.99,1142,2277,2286
42101024900,82.1,0.6335793357933579,0.9933701657458563,1717,2697,2710
42101025200,106.3,0.633644587102422,0.9187205760177236,4343,6635,6854
42101025300,115.3,0.4308390022675737,0.9561149476498106,1900,4292,4410
42101025400,197.7,0.23520419305525223,0.900305410122164,1077,4127,4579
42101025500,269.3,0.20584045584045585,0.7175925925925926,578,2015,2808
42101025600,329,0.13172920065252855,0.4783599088838269,323,1260,2452
42101025700,330,0.3065415821501014,0.6298174442190669,1209,2484,3944
42101025800,191.9,0.19135802469135801,0.9530864197530864,310,1544,1620
42101025900,151.5,0.3273067331670823,0.9929343308395677,1575,4778,4812
42101026000,161.6,0.39847125290794283,0.963110667996012,1199,2898,3009
42101026100,205,0.5262871152274584,0.9678561699809316,1932,3553,3671
42101026200,155.7,0.32461385151968114,0.9902840059790733,1303,3975,4014
42101026301,147.7,0.37188208616780044,0.9947089947089947,1476,3948,3969
42101026302,142.3,0.41191108161911083,0.9872262773722628,2483,5951,6028
42101026400,152.6,0.3827205216446296,0.999456620177504,2113,5518,5521
42101026500,111.3,0.5317530514770918,0.9801875110560764,3006,5541,5653
42101026600,118.5,0.3426470588235294,0.999707516817783,2330,6836,6800
42101026700,117.5,0.526497005988024,0.9940119760479041,3517,6640,6680
42101026800,167.2,0.48470173893902707,0.9531475748194015,2202,4618,4543
42101026900,225,0.3258785942492013,0.8270440251572327,612,1841,1878
42101027000,243.5,0.282508015675098,0.9130281690140845,793,2593,2807
42101027100,147,0.44874551971326165,0.9408602150537635,1252,2625,2790
42101027200,140.3,0.38127372416701816,0.9194432728806411,1808,4360,4742
42101027300,111.3,0.4452542921930677,0.9445239230646956,2749,5942,6174
42101027401,97.7,0.6139240506329114,0.9028481012658228,1940,2853,3160
42101027402,89.1,0.5003767897513187,0.9181954887218046,3320,6106,6635
42101027500,108.1,0.4696724625960372,0.9179134654266073,2323,4540,4946
42101027600,110.9,0.5619318181818181,0.9553977272727273,1978,3363,3520
42101027700,93.9,0.5743664312422102,0.9709181553801413,2765,4674,4814
42101027800,118,0.4574166848181224,0.9745153561315617,2100,4474,4591
42101027901,105.2,0.5032634032634032,0.9745920745920746,2159,4181,4290
42101027902,102.1,0.591367486889875,0.6394253414978803,1466,2715,2479
42101028000,73,0.6369394476817837,0.9733975171015962,2514,3842,3947
42101028100,100.3,0.5470680745899797,0.9570882947652213,2435,4260,4451
42101028200,98.2,0.5713709677419355,0.9491324921135647,2834,4814,4960
42101028300,83.6,0.5567369995015783,0.9629932863926641,3351,5881,6019
42101028400,86.7,0.6244046268995237,0.980721251984577,2753,4324,4409
42101028500,92.4,0.6356729377713459,0.9779305354558611,1757,2703,2764
42101028600,81.1,0.6775546898411747,0.9412646089301768,4522,6282,6674
42101028700,68.2,0.669002473206925,0.9431162407254741,1623,2288,2426
42101028800,72.3,0.7403194578896418,0.9185738376294869,3059,3813,4132
42101028901,87.1,0.6477927063339731,0.9389660124461465,2700,3923,4168
42101028902,87.5,0.6243473071758914,0.9344919786096256,4185,6291,6703
42101029000,98.5,0.6644058600108519,0.9413998914812806,4898,6940,7372
42101029100,103.8,0.7333863907680064,0.9403103859928372,3686,4726,5026
42101029200,109.9,0.4551667011803686,0.8910891089108911,2198,4320,4829
42101029300,69.3,0.8112185686653772,0.7684615384615384,2097,1998,2585
42101029400,67.1,0.8290754257907542,0.8902068126520681,2726,2927,3288
42101029800,87.7,0.5666141111549073,0.7536231884057971,2875,3848,5074
42101029900,78.8,0.6835501858736059,0.8136645962732919,2942,3537,4304
42101030000,74.1,0.6020533251608949,0.9354545454545454,3929,6174,6526
42101030100,116.3,0.6748691099476439,0.7593368237347295,3867,4351,5730
42101030200,132,0.41382273508470413,0.9017312850524263,3371,7396,8146
42101030501,97.7,0.5772064843622073,0.8593392214589467,3525,5254,6107
42101030502,116.7,0.49167280766396465,0.8908849948461198,3336,6050,6785
42101030600,149.9,0.34704334579698104,0.6328322469070108,2506,4757,7221
42101030700,152.9,0.48024035128264386,0.6111491889421978,2078,2675,4327
42101030800,168.7,0.38999277456647397,0.6268063583815029,2159,3470,5536
42101030900,154.2,0.5670195990087857,0.8272133363370129,2517,3672,4439
42101031000,164.7,0.3926892950391645,0.6385117493472585,3008,4891,7660
42101031101,124.4,0.6404732473953735,0.8695576756287945,3627,5013,5663
42101031102,114.6,0.47503435639028857,0.86921667430142,2074,3795,4366
42101031200,125.7,0.6011138851545996,0.8705588630689457,3130,4533,5207
42101031300,122,0.6060484410544628,0.7483638306397756,4529,5603,7473
42101031401,120.7,0.6301693580149665,0.7659183405540239,4800,5834,7617
42101031402,129,0.5933825999328183,0.7397993311036789,3533,4424,5954
42101031501,146.2,0.43848679068313273,0.30826950132874786,2805,1972,6397
42101031502,141.1,0.5641447368421053,0.5183282745738969,2401,2220,4256
42101031600,133.7,0.546213648142816,0.4683471784588943,3794,3270,6946
42101031700,115,0.3610032362459547,0.6744336569579288,2231,4168,6180
42101031800,125.4,0.4856079404466501,0.7478908188585608,1957,3014,4030
42101031900,114,0.40751557632398755,0.6483644859813084,2093,3330,5136
42101032000,111.4,0.40851620404011046,0.4824880104635954,2811,3320,6881
42101032100,109.6,0.5831726133076182,0.5344744455159113,2419,2217,4148
42101032300,102.2,0.34529966534834194,0.5193567599761763,1135,1744,3287
42101032500,113,0.5045237703569666,0.48297417338378024,3067,2936,6079
42101032600,125.9,0.3796768707482993,0.5145975056689343,2679,3631,7056
42101032900,127.2,0.45277862131794716,0.36239782016348776,1491,1197,3293
42101033000,112,0.5651935969352853,0.38849605656785424,4131,2857,7309
42101033101,150.5,0.30803476786092854,0.17765528937884248,1453,838,4717
42101033102,143.9,0.4145152036718302,0.15605278255880667,1445,544,3486
42101033200,191.8,0.19533308242378622,0.21194029850746268,519,568,2657
42101033300,199,0.2933613224875361,0.29106223678053345,1118,1244,3811
42101033400,172.8,0.38331771321462044,0.5014311270125223,2045,2803,5335
42101033500,171.5,0.40773881499395404,0.5738457819676094,1686,2374,4135
42101033600,188.7,0.4684326104858633,0.3917258328782086,3413,2869,7286
42101033701,172,0.5030894308943089,0.4161934122992049,3094,2565,6150
42101033702,179.4,0.2917139614074915,0.318955732122588,1542,1686,5286
42101033800,179.1,0.24621089970977103,0.3681070622379877,1527,2283,6202
42101033900,190.7,0.37867537867537865,0.43213543213543215,1275,1455,3367
42101034000,215.6,0.2173003139169864,0.38033898305084746,623,1122,2867
42101034100,216.7,0.2117001828153565,0.18738574040219377,1158,1025,5470
42101034200,224.5,0.270146257527961,0.3182813355227148,942,1163,3487
42101034400,249.3,0.1254948535233571,0.2895806861499365,951,2279,7578
42101034501,226.2,0.4609396719488463,0.43869891576313597,1658,1578,3597
42101034502,175.7,0.31696845249206645,0.4587360594795539,1698,2468,5357
42101034600,153.2,0.42657342657342656,0.5638571954361428,1159,1532,2717
42101034701,197.9,0.28380408653846156,0.32962740384615385,1889,2194,6656
42101034702,213.6,0.16465652857891977,0.2768746722600944,628,1056,3814
42101034801,164.2,0.2606516290726817,0.14496370235934664,1144,639,4389
42101034802,192.5,0.4144640234948605,0.4003623188405797,2258,2210,5448
42101034803,192.9,0.2893852065321806,0.22454370797310277,1205,935,4164
42101034900,157.8,0.34596375617792424,0.42394288852278966,1890,2316,5463
42101035100,161.3,0.21330108827085853,0.08050847457627118,882,342,4135
42101035200,228.9,0.14839181286549707,0.10469735919607386,609,448,4104
42101035301,187.5,0.18891995805662357,0.20307584760573227,1081,1162,5722
42101035302,190.6,0.2759815242494226,0.14769585253456222,1195,641,4330
42101035500,224.6,0.3510653112379891,0.25858473515918257,2521,1860,7181
42101035601,251.7,0.18568665377176016,0.20354439091534757,1056,1183,5687
42101035602,271.7,0.07735459108355477,0.31671554252199413,262,1080,3387
42101035701,198.2,0.501295594977078,0.541359378114411,2515,2716,5017
42101035702,205.1,0.5532126023319276,0.2798313073678988,2230,1128,4031
42101035800,237.2,0.32225579053373615,0.26109997135491264,2240,1823,6951
42101035900,234.7,0.2583552384528727,0.26680435598948554,1376,1421,5326
42101036000,242.5,0.20013684570646595,0.44230189816209703,585,1468,2923
42101036100,191.7,0.3166144200626959,0.2115987460815047,1212,810,3828
42101036201,190.4,0.17331095258078053,0.1463822668339607,826,700,4766
42101036202,207.2,0.24744808166138685,0.23767872161480236,1406,1413,5682
42101036203,207.7,0.16452786822447807,0.11530358168933155,859,602,5221
42101036301,195.8,0.2157676348547718,0.17925311203319502,780,648,3615
42101036302,179.6,0.2297412567529144,0.38214387261870914,808,1344,3517
42101036303,196.9,0.2256524506683641,0.10073201782304264,1418,633,6284
42101036400,324.1,0.55375,0.32094943240454077,443,311,800
42101036501,263.9,0.30177396850707594,0.2153173698213607,1514,1133,5017
42101036502,243.2,0.16145057128663687,0.12444113263785395,650,501,4026
42101036600,349.2,0.07373691397360037,0.32128332580207863,162,711,2197
42101036700,390.4,0.1944352434580987,0.2695222405271829,587,818,3019
42101036900,NA,0.5840757238307349,0.4043554006968641,1049,2321,1796
42101037200,214.2,0.3493362831858407,0.31924778761061945,1579,1443,4520
42101037300,347.8,0.13850017940437748,0.14242370158843476,772,798,5574
42101037500,275.5,0.3319693094629156,0.6216666666666667,1298,2611,3910
42101037600,305.6,0.5166722802290333,0.5640773516879711,1534,1721,2969
42101037700,151.1,0.8132446661124966,0.7049891540130152,2935,3900,3609
42101037800,208.7,0.34686907020872865,0.2622826908541194,914,694,2635
42101037900,148.2,0.3341984428029547,0.038293650793650796,1674,193,5009
42101038000,100.1,0.5514311270125224,0.3453111305872042,1233,788,2236
42101038100,76,0.5515587529976019,0.539568345323741,460,450,834
42101038200,103.8,0.603882099209202,0.506433166547534,1680,1417,2782
42101038300,63.3,0.8042239356352665,0.9485953377166766,2399,3174,2983
42101038400,284.9,0.19218241042345277,0.15319320937752628,472,379,2456
42101038500,597.7,0.19891304347826086,0.2024185068349106,366,385,1840
42101038600,804.1,0.04703328509406657,0.20287769784172663,65,282,1382
42101038700,448.5,0.1532481954469739,0.2443159922928709,276,634,1801
42101038800,278.5,0.15635876840696117,0.4105207507269363,584,1553,3735
42101038900,175.8,0.517948717948718,0.923931623931624,1818,3243,3510
42101039000,106.5,0.6276321443919209,0.8917177266004648,5842,8441,9308
42101980000,302.9,0.33516483516483514,0.46495557749259625,61,471,182
42101980100,241.3,0.21428571428571427,0.15306122448979592,21,15,98
42101980200,315.8,0.18885448916408668,0.25745682888540034,61,164,323
42101980300,NA,NaN,NaN,0,0,0
42101980400,NA,NaN,NaN,0,0,0
42101980500,NA,NaN,NaN,0,0,0
42101980600,NA,NaN,NaN,0,0,0
42101980700,NA,NaN,NaN,0,0,0
42101980800,NA,NaN,NaN,0,0,0
42101980900,NA,NaN,NaN,0,0,0
42101989100,NA,0.9245283018867925,0.8714511041009464,49,2210,53
